!!SBtab	SBtabVersion='1.0'  TableType='QuantityMatrix'  TableName='E1I'  TableTitle=''  Document='D1 LTP time window'		
!Input_Time_S24	>S24	!Input_Time_S48	>S48
0	60	0	20
0.01	60	0.01	20
0.02	60	0.02	20
0.03	60	0.03	20
0.04	60	0.04	20
0.05	60	0.05	20
0.06	60	0.06	20
0.07	60	0.07	20
0.08	60	0.08	20
0.09	60	0.09	20
0.1	60	0.1	20
0.11	60	0.11	20
0.12	60	0.12	20
0.13	60	0.13	20
0.14	60	0.14	20
0.15	60	0.15	20
0.16	60	0.16	20
0.17	60	0.17	20
0.18	60	0.18	20
0.19	60	0.19	20
0.2	60	0.2	20
0.21	60	0.21	20
0.22	60	0.22	20
0.23	60	0.23	20
0.24	60	0.24	20
0.25	60	0.25	20
0.26	60	0.26	20
0.27	60	0.27	20
0.28	60	0.28	20
0.29	60	0.29	20
0.3	60	0.3	20
0.31	60	0.31	20
0.32	60	0.32	20
0.33	60	0.33	20
0.34	60	0.34	20
0.35	60	0.35	20
0.36	60	0.36	20
0.37	60	0.37	20
0.38	60	0.38	20
0.39	60	0.39	20
0.4	60	0.4	20
0.41	60	0.41	20
0.42	60	0.42	20
0.43	60	0.43	20
0.44	60	0.44	20
0.45	60	0.45	20
0.46	60	0.46	20
0.47	60	0.47	20
0.48	60	0.48	20
0.49	60	0.49	20
0.5	60	0.5	20
0.51	60	0.51	20
0.52	60	0.52	20
0.53	60	0.53	20
0.54	60	0.54	20
0.55	60	0.55	20
0.56	60	0.56	20
0.57	60	0.57	20
0.58	60	0.58	20
0.59	60	0.59	20
0.6	60	0.6	20
0.61	60	0.61	20
0.62	60	0.62	20
0.63	60	0.63	20
0.64	60	0.64	20
0.65	60	0.65	20
0.66	60	0.66	20
0.67	60	0.67	20
0.68	60	0.68	20
0.69	60	0.69	20
0.7	60	0.7	20
0.71	60	0.71	20
0.72	60	0.72	20
0.73	60	0.73	20
0.74	60	0.74	20
0.75	60	0.75	20
0.76	60	0.76	20
0.77	60	0.77	20
0.78	60	0.78	20
0.79	60	0.79	20
0.8	60	0.8	20
0.81	60	0.81	20
0.82	60	0.82	20
0.83	60	0.83	20
0.84	60	0.84	20
0.85	60	0.85	20
0.86	60	0.86	20
0.87	60	0.87	20
0.88	60	0.88	20
0.89	60	0.89	20
0.9	60	0.9	20
0.91	60	0.91	20
0.92	60	0.92	20
0.93	60	0.93	20
0.94	60	0.94	20
0.95	60	0.95	20
0.96	60	0.96	20
0.97	60	0.97	20
0.98	60	0.98	20
0.99	60	0.99	20
1	60	1	20
1.01	60	1.01	489.9088
1.02	60	1.02	827.2034
1.03	60	1.03	1066.5044
1.04	60	1.04	1233.4534
1.05	60	1.05	1347.0405
1.06	60	1.06	1421.3287
1.07	60	1.07	1466.7306
1.08	60	1.08	1490.9548
1.09	60	1.09	1499.7069
1.1	60	1.1	1497.2088
1.11	60	1.11	1486.5831
1.12	60	1.12	1470.1384
1.13	60	1.13	1449.5805
1.14	60	1.14	1426.1681
1.15	60	1.15	1400.8297
1.16	60	1.16	1374.2485
1.17	60	1.17	1346.9265
1.18	60	1.18	1319.2315
1.19	60	1.19	1291.4317
1.2	60	1.2	1263.7221
1.21	60	1.21	1236.2432
1.22	60	1.22	1209.0952
1.23	60	1.23	1182.3488
1.24	60	1.24	1156.0527
1.25	60	1.25	1130.2395
1.26	60	1.26	1104.9299
1.27	60	1.27	1080.1358
1.28	60	1.28	1055.8628
1.29	60	1.29	1032.1119
1.3	60	1.3	1008.8805
1.31	60	1.31	986.164
1.32	60	1.32	963.9556
1.33	60	1.33	942.2475
1.34	60	1.34	921.0311
1.35	60	1.35	900.2972
1.36	60	1.36	880.0363
1.37	60	1.37	860.2387
1.38	60	1.38	840.8946
1.39	60	1.39	821.9941
1.4	60	1.4	803.5276
1.41	60	1.41	785.4853
1.42	60	1.42	767.8578
1.43	60	1.43	750.6358
1.44	60	1.44	733.8099
1.45	60	1.45	717.3713
1.46	60	1.46	701.311
1.47	60	1.47	685.6204
1.48	60	1.48	670.2911
1.49	60	1.49	655.3148
1.5	60	1.5	640.6832
1.51	60	1.51	626.3886
1.52	60	1.52	612.4232
1.53	60	1.53	598.7794
1.54	60	1.54	585.4498
1.55	60	1.55	572.4272
1.56	60	1.56	559.7044
1.57	60	1.57	547.2747
1.58	60	1.58	535.1313
1.59	60	1.59	523.2675
1.6	60	1.6	511.6769
1.61	60	1.61	500.3533
1.62	60	1.62	489.2904
1.63	60	1.63	478.4824
1.64	60	1.64	467.9232
1.65	60	1.65	457.6073
1.66	60	1.66	447.5289
1.67	60	1.67	437.6826
1.68	60	1.68	428.0631
1.69	60	1.69	418.6651
1.7	60	1.7	409.4836
1.71	60	1.71	400.5136
1.72	60	1.72	391.7501
1.73	60	1.73	383.1884
1.74	60	1.74	374.824
1.75	60	1.75	366.6522
1.76	60	1.76	358.6685
1.77	60	1.77	350.8688
1.78	60	1.78	343.2486
1.79	60	1.79	335.804
1.8	60	1.8	328.5308
1.81	60	1.81	321.4252
1.82	60	1.82	314.4832
1.83	60	1.83	307.701
1.84	60	1.84	301.0751
1.85	60	1.85	294.6017
1.86	60	1.86	288.2775
1.87	60	1.87	282.0989
1.88	60	1.88	276.0626
1.89	60	1.89	270.1653
1.9	60	1.9	264.4038
1.91	60	1.91	258.775
1.92	60	1.92	253.2759
1.93	60	1.93	247.9034
1.94	60	1.94	242.6546
1.95	60	1.95	237.5267
1.96	60	1.96	232.517
1.97	60	1.97	227.6226
1.98	60	1.98	222.8409
1.99	60	1.99	218.1693
2	60	2	213.6054
2.01	60	2.01	209.1465
2.02	60	2.02	204.7903
2.03	60	2.03	200.5345
2.04	60	2.04	196.3767
2.05	60	2.05	192.3146
2.06	60	2.06	188.3461
2.07	60	2.07	184.469
2.08	60	2.08	180.6811
2.09	60	2.09	176.9805
2.1	60	2.1	173.3652
2.11	60	2.11	169.8331
2.12	60	2.12	166.3823
2.13	60	2.13	163.011
2.14	60	2.14	159.7174
2.15	60	2.15	156.4996
2.16	60	2.16	153.356
2.17	60	2.17	150.2847
2.18	60	2.18	147.2841
2.19	60	2.19	144.3527
2.2	60	2.2	141.4888
2.21	60	2.21	138.6908
2.22	60	2.22	135.9573
2.23	60	2.23	133.2867
2.24	60	2.24	130.6776
2.25	60	2.25	128.1287
2.26	60	2.26	125.6384
2.27	60	2.27	123.2055
2.28	60	2.28	120.8286
2.29	60	2.29	118.5064
2.3	60	2.3	116.2378
2.31	60	2.31	114.0213
2.32	60	2.32	111.856
2.33	60	2.33	109.7405
2.34	60	2.34	107.6737
2.35	60	2.35	105.6545
2.36	60	2.36	103.6818
2.37	60	2.37	101.7546
2.38	60	2.38	99.8717
2.39	60	2.39	98.0322
2.4	60	2.4	96.2351
2.41	60	2.41	94.4793
2.42	60	2.42	92.764
2.43	60	2.43	91.0882
2.44	60	2.44	89.451
2.45	60	2.45	87.8515
2.46	60	2.46	86.2889
2.47	60	2.47	84.7622
2.48	60	2.48	83.2707
2.49	60	2.49	81.8135
2.5	60	2.5	80.3899
2.51	60	2.51	78.9991
2.52	60	2.52	77.6403
2.53	60	2.53	76.3128
2.54	60	2.54	75.0159
2.55	60	2.55	73.7488
2.56	60	2.56	72.511
2.57	60	2.57	71.3016
2.58	60	2.58	70.1201
2.59	60	2.59	68.9658
2.6	60	2.6	67.8381
2.61	60	2.61	66.7363
2.62	60	2.62	65.66
2.63	60	2.63	64.6084
2.64	60	2.64	63.581
2.65	60	2.65	62.5773
2.66	60	2.66	61.5967
2.67	60	2.67	60.6387
2.68	60	2.68	59.7028
2.69	60	2.69	58.7884
2.7	60	2.7	57.8951
2.71	60	2.71	57.0224
2.72	60	2.72	56.1697
2.73	60	2.73	55.3367
2.74	60	2.74	54.5229
2.75	60	2.75	53.7278
2.76	60	2.76	52.951
2.77	60	2.77	52.1921
2.78	60	2.78	51.4507
2.79	60	2.79	50.7264
2.8	60	2.8	50.0187
2.81	60	2.81	49.3274
2.82	60	2.82	48.652
2.83	60	2.83	47.9921
2.84	60	2.84	47.3474
2.85	60	2.85	46.7176
2.86	60	2.86	46.1023
2.87	60	2.87	45.5011
2.88	60	2.88	44.9138
2.89	60	2.89	44.34
2.9	60	2.9	43.7795
2.91	60	2.91	43.2318
2.92	60	2.92	42.6968
2.93	60	2.93	42.174
2.94	60	2.94	41.6633
2.95	60	2.95	41.1644
2.96	60	2.96	40.677
2.97	60	2.97	40.2008
2.98	60	2.98	39.7356
2.99	60	2.99	39.281
3	60	3	38.837
3.01	60	3.01	38.4031
3.02	60	3.02	37.9793
3.03	60	3.03	37.5652
3.04	60	3.04	37.1607
3.05	60	3.05	36.7655
3.06	60	3.06	36.3794
3.07	60	3.07	36.0021
3.08	60	3.08	35.6336
3.09	60	3.09	35.2735
3.1	60	3.1	34.9218
3.11	60	3.11	34.5781
3.12	60	3.12	34.2424
3.13	60	3.13	33.9144
3.14	60	3.14	33.5939
3.15	60	3.15	33.2808
3.16	60	3.16	32.975
3.17	60	3.17	32.6761
3.18	60	3.18	32.3842
3.19	60	3.19	32.099
3.2	60	3.2	31.8203
3.21	60	3.21	31.5481
3.22	60	3.22	31.2822
3.23	60	3.23	31.0223
3.24	60	3.24	30.7685
3.25	60	3.25	30.5205
3.26	60	3.26	30.2782
3.27	60	3.27	30.0415
3.28	60	3.28	29.8102
3.29	60	3.29	29.5843
3.3	60	3.3	29.3635
3.31	60	3.31	29.1479
3.32	60	3.32	28.9372
3.33	60	3.33	28.7314
3.34	60	3.34	28.5303
3.35	60	3.35	28.3338
3.36	60	3.36	28.1419
3.37	60	3.37	27.9544
3.38	60	3.38	27.7712
3.39	60	3.39	27.5922
3.4	60	3.4	27.4173
3.41	60	3.41	27.2465
3.42	60	3.42	27.0796
3.43	60	3.43	26.9166
3.44	60	3.44	26.7573
3.45	60	3.45	26.6017
3.46	60	3.46	26.4496
3.47	60	3.47	26.3011
3.48	60	3.48	26.156
3.49	60	3.49	26.0142
3.5	60	3.5	25.8757
3.51	60	3.51	25.7404
3.52	60	3.52	25.6082
3.53	60	3.53	25.479
3.54	60	3.54	25.3528
3.55	60	3.55	25.2295
3.56	60	3.56	25.1091
3.57	60	3.57	24.9914
3.58	60	3.58	24.8765
3.59	60	3.59	24.7642
3.6	60	3.6	24.6544
3.61	60	3.61	24.5472
3.62	60	3.62	24.4425
3.63	60	3.63	24.3402
3.64	60	3.64	24.2402
3.65	60	3.65	24.1426
3.66	60	3.66	24.0472
3.67	60	3.67	23.954
3.68	60	3.68	23.8629
3.69	60	3.69	23.7739
3.7	60	3.7	23.687
3.71	60	3.71	23.6021
3.72	60	3.72	23.5192
3.73	60	3.73	23.4381
3.74	60	3.74	23.3589
3.75	60	3.75	23.2816
3.76	60	3.76	23.206
3.77	60	3.77	23.1322
3.78	60	3.78	23.06
3.79	60	3.79	22.9895
3.8	60	3.8	22.9207
3.81	60	3.81	22.8534
3.82	60	3.82	22.7877
3.83	60	3.83	22.7235
3.84	60	3.84	22.6608
3.85	60	3.85	22.5995
3.86	60	3.86	22.5396
3.87	60	3.87	22.4811
3.88	60	3.88	22.424
3.89	60	3.89	22.3682
3.9	60	3.9	22.3136
3.91	60	3.91	22.2604
3.92	60	3.92	22.2083
3.93	60	3.93	22.1574
3.94	60	3.94	22.1078
3.95	60	3.95	22.0592
3.96	60	3.96	22.0118
3.97	60	3.97	21.9655
3.98	60	3.98	21.9202
3.99	60	3.99	21.876
4	60	4	21.8328
4.01	469.7477	4.01	21.7905
4.02	854.1237	4.02	21.7493
4.03	1067.3445	4.03	21.709
4.04	1169.2297	4.04	21.6697
4.05	1199.7565	4.05	21.6312
4.06	1185.553	4.06	21.5936
4.07	1144.2751	4.07	21.5569
4.08	1087.5545	4.08	21.5211
4.09	1022.9852	4.09	21.486
4.1	689.7921	4.1	21.4518
4.11	1353.0726	4.11	21.4184
4.12	1749.6223	4.12	21.3857
4.13	1970.8067	4.13	21.3538
4.14	2077.8384	4.14	21.3226
4.15	2111.6316	4.15	21.2922
4.16	2089.2299	4.16	21.2624
4.17	2017.0653	4.17	21.2333
4.18	1916.1253	4.18	21.2049
4.19	1800.4228	4.19	21.1772
4.2	1678.9953	4.2	21.1501
4.21	1755.6604	4.21	21.1236
4.22	2277.0584	4.22	21.0977
4.23	2580.1447	4.23	21.0724
4.24	2740.3204	4.24	21.0477
4.25	2808.0501	4.25	21.0236
4.26	2814.2054	4.26	21
4.27	2747.8887	4.27	20.977
4.28	2629.407	4.28	20.9545
4.29	2482.298	4.29	20.9325
4.3	2321.8527	4.3	20.911
4.31	2397.9006	4.31	20.89
4.32	2919.5468	4.32	20.8696
4.33	3222.7963	4.33	20.8495
4.34	3383.0782	4.34	20.83
4.35	3450.8761	4.35	20.8108
4.36	3455.9805	4.36	20.7922
4.37	3374.2893	4.37	20.7739
4.38	3228.2452	4.38	20.7561
4.39	3046.8819	4.39	20.7387
4.4	2849.0611	4.4	20.7217
4.41	2780.8742	4.41	20.7051
4.42	3360.075	4.42	20.6888
4.43	3701.1966	4.43	20.673
4.44	3886.1612	4.44	20.6575
4.45	3969.8235	4.45	20.6423
4.46	3988.228	4.46	20.6275
4.47	3914.8549	4.47	20.6131
4.48	3758.2891	4.48	20.5989
4.49	3555.1321	4.49	20.5852
4.5	3329.2214	4.5	20.5717
4.51	3093.4762	4.51	20.5585
4.52	3738.564	4.52	20.5456
4.53	4123.1112	4.53	20.5331
4.54	4336.4439	4.54	20.5208
4.55	4438.4015	4.55	20.5088
4.56	4468.9741	4.56	20.4971
4.57	4413.4392	4.57	20.4856
4.58	4253.8514	4.58	20.4745
4.59	4034.5059	4.59	20.4635
4.6	3784.7847	4.6	20.4529
4.61	3523.6205	4.61	20.4424
4.62	3683.8756	4.62	20.4322
4.63	4171.4906	4.63	20.4223
4.64	4452.3779	4.64	20.4126
4.65	4598.1147	4.65	20.4031
4.66	4656.5914	4.66	20.3938
4.67	4648.0245	4.67	20.3847
4.68	4523.1999	4.68	20.3758
4.69	4317.4259	4.69	20.3672
4.7	4067.862	4.7	20.3587
4.71	3798.608	4.71	20.3505
4.72	3627.6852	4.72	20.3424
4.73	4247.3951	4.73	20.3345
4.74	4615.2078	4.74	20.3268
4.75	4817.6009	4.75	20.3193
4.76	4912.4961	4.76	20.3119
4.77	4938.5929	4.77	20.3047
4.78	4866.083	4.78	20.2977
4.79	4682.569	4.79	20.2909
4.8	4436.1234	4.8	20.2842
4.81	4158.1355	4.81	20.2776
4.82	3371.3411	4.82	20.2712
4.83	4123.7672	4.83	20.265
4.84	4579.1944	4.84	20.2589
4.85	4838.9549	4.85	20.2529
4.86	4970.9724	4.86	20.2471
4.87	5020.6783	4.87	20.2414
4.88	4997.1434	4.88	20.2358
4.89	4848.1838	4.89	20.2304
4.9	4618.1813	4.9	20.2251
4.91	4345.0321	4.91	20.2199
4.92	4053.2701	4.92	20.2149
4.93	4216.2798	4.93	20.2099
4.94	4702.7756	4.94	20.2051
4.95	4982.9279	4.95	20.2004
4.96	5128.187	4.96	20.1957
4.97	5186.3579	4.97	20.1912
4.98	5175.5451	4.98	20.1868
4.99	5035.8398	4.99	20.1825
5	4806.0969	5	20.1783
5.01	4527.6727	5.01	20.1742
5.02	4227.3875	5.02	20.1702
5.03	3922.3535	5.03	20.1663
5.04	3623.2229	5.04	20.1625
5.05	3336.3705	5.05	20.1587
5.06	3065.3582	5.06	20.1551
5.07	2811.9167	5.07	20.1515
5.08	2576.6013	5.08	20.148
5.09	2359.2289	5.09	20.1446
5.1	2159.1683	5.1	20.1413
5.11	1975.5308	5.11	20.138
5.12	1807.2954	5.12	20.1348
5.13	1653.3895	5.13	20.1317
5.14	1512.7393	5.14	20.1287
5.15	1384.302	5.15	20.1257
5.16	1267.0834	5.16	20.1228
5.17	1160.1482	5.17	20.12
5.18	1062.6243	5.18	20.1172
5.19	973.7038	5.19	20.1145
5.2	892.6412	5.2	20.1119
5.21	818.7513	5.21	20.1093
5.22	751.4058	5.22	20.1068
5.23	690.029	5.23	20.1043
5.24	634.095	5.24	20.1019
5.25	583.1228	5.25	20.0996
5.26	536.6736	5.26	20.0973
5.27	494.347	5.27	20.0951
5.28	455.7776	5.28	20.0929
5.29	420.6323	5.29	20.0907
5.3	388.6074	5.3	20.0886
5.31	359.426	5.31	20.0866
5.32	332.8357	5.32	20.0846
5.33	308.6066	5.33	20.0827
5.34	286.529	5.34	20.0808
5.35	266.412	5.35	20.0789
5.36	248.0814	5.36	20.0771
5.37	231.3787	5.37	20.0753
5.38	216.1592	5.38	20.0736
5.39	202.2913	5.39	20.0719
5.4	189.6549	5.4	20.0702
5.41	178.1407	5.41	20.0686
5.42	167.6491	5.42	20.067
5.43	158.0892	5.43	20.0655
5.44	149.3782	5.44	20.064
5.45	141.4409	5.45	20.0625
5.46	134.2084	5.46	20.0611
5.47	127.6182	5.47	20.0596
5.48	121.6133	5.48	20.0583
5.49	116.1416	5.49	20.0569
5.5	111.1559	5.5	20.0556
5.51	106.6129	5.51	20.0543
5.52	102.4734	5.52	20.0531
5.53	98.7015	5.53	20.0519
5.54	95.2645	5.54	20.0507
5.55	92.1328	5.55	20.0495
5.56	89.2792	5.56	20.0484
5.57	86.679	5.57	20.0473
5.58	84.3097	5.58	20.0462
5.59	82.1509	5.59	20.0451
5.6	80.1837	5.6	20.0441
5.61	78.3913	5.61	20.043
5.62	76.758	5.62	20.0421
5.63	75.2698	5.63	20.0411
5.64	73.9137	5.64	20.0401
5.65	72.6781	5.65	20.0392
5.66	71.5522	5.66	20.0383
5.67	70.5263	5.67	20.0374
5.68	69.5915	5.68	20.0366
5.69	68.7397	5.69	20.0357
5.7	67.9636	5.7	20.0349
5.71	67.2564	5.71	20.0341
5.72	66.6119	5.72	20.0333
5.73	66.0248	5.73	20.0325
5.74	65.4897	5.74	20.0318
5.75	65.0022	5.75	20.0311
5.76	64.558	5.76	20.0303
5.77	64.1532	5.77	20.0297
5.78	63.7844	5.78	20.029
5.79	63.4483	5.79	20.0283
5.8	63.1421	5.8	20.0276
5.81	62.863	5.81	20.027
5.82	62.6088	5.82	20.0264
5.83	62.3771	5.83	20.0258
5.84	62.166	5.84	20.0252
5.85	61.9736	5.85	20.0246
5.86	61.7984	5.86	20.024
5.87	61.6387	5.87	20.0235
5.88	61.4931	5.88	20.0229
5.89	61.3605	5.89	20.0224
5.9	61.2397	5.9	20.0219
5.91	61.1296	5.91	20.0214
5.92	61.0293	5.92	20.0209
5.93	60.9379	5.93	20.0204
5.94	60.8546	5.94	20.02
5.95	60.7787	5.95	20.0195
5.96	60.7096	5.96	20.019
5.97	60.6465	5.97	20.0186
5.98	60.5891	5.98	20.0182
5.99	60.5368	5.99	20.0178
6	60.4891	6	20
6.01	60.4457	6.01	20
6.02	60.4061	6.02	20
6.03	60.37	6.03	20
6.04	60.3372	6.04	20
6.05	60.3072	6.05	20
6.06	60.28	6.06	20
6.07	60.2551	6.07	20
6.08	60.2324	6.08	20
6.09	60.2118	6.09	20
6.1	60.193	6.1	20
6.11	60.1758	6.11	20
6.12	60.1602	6.12	20
6.13	60.146	6.13	20
6.14	60.133	6.14	20
6.15	60.1212	6.15	20
6.16	60.1105	6.16	20
6.17	60.1006	6.17	20
6.18	60.0917	6.18	20
6.19	60.0836	6.19	20
6.2	60.0761	6.2	20
6.21	60.0694	6.21	20
6.22	60.0632	6.22	20
6.23	60.0576	6.23	20
6.24	60.0525	6.24	20
6.25	60.0478	6.25	20
6.26	60.0436	6.26	20
6.27	60.0397	6.27	20
6.28	60.0362	6.28	20
6.29	60.033	6.29	20
6.3	60.03	6.3	20
6.31	60.0274	6.31	20
6.32	60.0249	6.32	20
6.33	60.0227	6.33	20
6.34	60.0207	6.34	20
6.35	60.0189	6.35	20
6.36	60.0172	6.36	20
6.37	60.0157	6.37	20
6.38	60.0143	6.38	20
6.39	60.013	6.39	20
6.4	60.0119	6.4	20
6.41	60.0108	6.41	20
6.42	60.0098	6.42	20
6.43	60.009	6.43	20
6.44	60.0082	6.44	20
6.45	60.0074	6.45	20
6.46	60.0068	6.46	20
6.47	60.0062	6.47	20
6.48	60.0056	6.48	20
6.49	60.0051	6.49	20
6.5	60.0047	6.5	20
6.51	60.0043	6.51	20
6.52	60.0039	6.52	20
6.53	60.0035	6.53	20
6.54	60.0032	6.54	20
6.55	60.0029	6.55	20
6.56	60.0027	6.56	20
6.57	60.0024	6.57	20
6.58	60.0022	6.58	20
6.59	60.002	6.59	20
6.6	60.0018	6.6	20
6.61	60.0017	6.61	20
6.62	60.0015	6.62	20
6.63	60.0014	6.63	20
6.64	60.0013	6.64	20
6.65	60.0012	6.65	20
6.66	60.0011	6.66	20
6.67	60.001	6.67	20
6.68	60.0009	6.68	20
6.69	60.0008	6.69	20
6.7	60.0007	6.7	20
6.71	60.0007	6.71	20
6.72	60.0006	6.72	20
6.73	60.0006	6.73	20
6.74	60.0005	6.74	20
6.75	60.0005	6.75	20
6.76	60.0004	6.76	20
6.77	60.0004	6.77	20
6.78	60.0003	6.78	20
6.79	60.0003	6.79	20
6.8	60.0003	6.8	20
6.81	60.0003	6.81	20
6.82	60.0002	6.82	20
6.83	60.0002	6.83	20
6.84	60.0002	6.84	20
6.85	60.0002	6.85	20
6.86	60.0002	6.86	20
6.87	60.0001	6.87	20
6.88	60.0001	6.88	20
6.89	60.0001	6.89	20
6.9	60.0001	6.9	20
6.91	60.0001	6.91	20
6.92	60.0001	6.92	20
6.93	60.0001	6.93	20
6.94	60.0001	6.94	20
6.95	60.0001	6.95	20
6.96	60.0001	6.96	20
6.97	60.0001	6.97	20
6.98	60.0001	6.98	20
6.99	60	6.99	20
7	60	7	20
7.01	60	7.01	20
7.02	60	7.02	20
7.03	60	7.03	20
7.04	60	7.04	20
7.05	60	7.05	20
7.06	60	7.06	20
7.07	60	7.07	20
7.08	60	7.08	20
7.09	60	7.09	20
7.1	60	7.1	20
7.11	60	7.11	20
7.12	60	7.12	20
7.13	60	7.13	20
7.14	60	7.14	20
7.15	60	7.15	20
7.16	60	7.16	20
7.17	60	7.17	20
7.18	60	7.18	20
7.19	60	7.19	20
7.2	60	7.2	20
7.21	60	7.21	20
7.22	60	7.22	20
7.23	60	7.23	20
7.24	60	7.24	20
7.25	60	7.25	20
7.26	60	7.26	20
7.27	60	7.27	20
7.28	60	7.28	20
7.29	60	7.29	20
7.3	60	7.3	20
7.31	60	7.31	20
7.32	60	7.32	20
7.33	60	7.33	20
7.34	60	7.34	20
7.35	60	7.35	20
7.36	60	7.36	20
7.37	60	7.37	20
7.38	60	7.38	20
7.39	60	7.39	20
7.4	60	7.4	20
7.41	60	7.41	20
7.42	60	7.42	20
7.43	60	7.43	20
7.44	60	7.44	20
7.45	60	7.45	20
7.46	60	7.46	20
7.47	60	7.47	20
7.48	60	7.48	20
7.49	60	7.49	20
7.5	60	7.5	20
7.51	60	7.51	20
7.52	60	7.52	20
7.53	60	7.53	20
7.54	60	7.54	20
7.55	60	7.55	20
7.56	60	7.56	20
7.57	60	7.57	20
7.58	60	7.58	20
7.59	60	7.59	20
7.6	60	7.6	20
7.61	60	7.61	20
7.62	60	7.62	20
7.63	60	7.63	20
7.64	60	7.64	20
7.65	60	7.65	20
7.66	60	7.66	20
7.67	60	7.67	20
7.68	60	7.68	20
7.69	60	7.69	20
7.7	60	7.7	20
7.71	60	7.71	20
7.72	60	7.72	20
7.73	60	7.73	20
7.74	60	7.74	20
7.75	60	7.75	20
7.76	60	7.76	20
7.77	60	7.77	20
7.78	60	7.78	20
7.79	60	7.79	20
7.8	60	7.8	20
7.81	60	7.81	20
7.82	60	7.82	20
7.83	60	7.83	20
7.84	60	7.84	20
7.85	60	7.85	20
7.86	60	7.86	20
7.87	60	7.87	20
7.88	60	7.88	20
7.89	60	7.89	20
7.9	60	7.9	20
7.91	60	7.91	20
7.92	60	7.92	20
7.93	60	7.93	20
7.94	60	7.94	20
7.95	60	7.95	20
7.96	60	7.96	20
7.97	60	7.97	20
7.98	60	7.98	20
7.99	60	7.99	20
8	60	8	20
8.01	60	8.01	20
8.02	60	8.02	20
8.03	60	8.03	20
8.04	60	8.04	20
8.05	60	8.05	20
8.06	60	8.06	20
8.07	60	8.07	20
8.08	60	8.08	20
8.09	60	8.09	20
8.1	60	8.1	20
8.11	60	8.11	20
8.12	60	8.12	20
8.13	60	8.13	20
8.14	60	8.14	20
8.15	60	8.15	20
8.16	60	8.16	20
8.17	60	8.17	20
8.18	60	8.18	20
8.19	60	8.19	20
8.2	60	8.2	20
8.21	60	8.21	20
8.22	60	8.22	20
8.23	60	8.23	20
8.24	60	8.24	20
8.25	60	8.25	20
8.26	60	8.26	20
8.27	60	8.27	20
8.28	60	8.28	20
8.29	60	8.29	20
8.3	60	8.3	20
8.31	60	8.31	20
8.32	60	8.32	20
8.33	60	8.33	20
8.34	60	8.34	20
8.35	60	8.35	20
8.36	60	8.36	20
8.37	60	8.37	20
8.38	60	8.38	20
8.39	60	8.39	20
8.4	60	8.4	20
8.41	60	8.41	20
8.42	60	8.42	20
8.43	60	8.43	20
8.44	60	8.44	20
8.45	60	8.45	20
8.46	60	8.46	20
8.47	60	8.47	20
8.48	60	8.48	20
8.49	60	8.49	20
8.5	60	8.5	20
8.51	60	8.51	20
8.52	60	8.52	20
8.53	60	8.53	20
8.54	60	8.54	20
8.55	60	8.55	20
8.56	60	8.56	20
8.57	60	8.57	20
8.58	60	8.58	20
8.59	60	8.59	20
8.6	60	8.6	20
8.61	60	8.61	20
8.62	60	8.62	20
8.63	60	8.63	20
8.64	60	8.64	20
8.65	60	8.65	20
8.66	60	8.66	20
8.67	60	8.67	20
8.68	60	8.68	20
8.69	60	8.69	20
8.7	60	8.7	20
8.71	60	8.71	20
8.72	60	8.72	20
8.73	60	8.73	20
8.74	60	8.74	20
8.75	60	8.75	20
8.76	60	8.76	20
8.77	60	8.77	20
8.78	60	8.78	20
8.79	60	8.79	20
8.8	60	8.8	20
8.81	60	8.81	20
8.82	60	8.82	20
8.83	60	8.83	20
8.84	60	8.84	20
8.85	60	8.85	20
8.86	60	8.86	20
8.87	60	8.87	20
8.88	60	8.88	20
8.89	60	8.89	20
8.9	60	8.9	20
8.91	60	8.91	20
8.92	60	8.92	20
8.93	60	8.93	20
8.94	60	8.94	20
8.95	60	8.95	20
8.96	60	8.96	20
8.97	60	8.97	20
8.98	60	8.98	20
8.99	60	8.99	20
9	60	9	20
9.01	60	9.01	20
9.02	60	9.02	20
9.03	60	9.03	20
9.04	60	9.04	20
9.05	60	9.05	20
9.06	60	9.06	20
9.07	60	9.07	20
9.08	60	9.08	20
9.09	60	9.09	20
9.1	60	9.1	20
9.11	60	9.11	20
9.12	60	9.12	20
9.13	60	9.13	20
9.14	60	9.14	20
9.15	60	9.15	20
9.16	60	9.16	20
9.17	60	9.17	20
9.18	60	9.18	20
9.19	60	9.19	20
9.2	60	9.2	20
9.21	60	9.21	20
9.22	60	9.22	20
9.23	60	9.23	20
9.24	60	9.24	20
9.25	60	9.25	20
9.26	60	9.26	20
9.27	60	9.27	20
9.28	60	9.28	20
9.29	60	9.29	20
9.3	60	9.3	20
9.31	60	9.31	20
9.32	60	9.32	20
9.33	60	9.33	20
9.34	60	9.34	20
9.35	60	9.35	20
9.36	60	9.36	20
9.37	60	9.37	20
9.38	60	9.38	20
9.39	60	9.39	20
9.4	60	9.4	20
9.41	60	9.41	20
9.42	60	9.42	20
9.43	60	9.43	20
9.44	60	9.44	20
9.45	60	9.45	20
9.46	60	9.46	20
9.47	60	9.47	20
9.48	60	9.48	20
9.49	60	9.49	20
9.5	60	9.5	20
9.51	60	9.51	20
9.52	60	9.52	20
9.53	60	9.53	20
9.54	60	9.54	20
9.55	60	9.55	20
9.56	60	9.56	20
9.57	60	9.57	20
9.58	60	9.58	20
9.59	60	9.59	20
9.6	60	9.6	20
9.61	60	9.61	20
9.62	60	9.62	20
9.63	60	9.63	20
9.64	60	9.64	20
9.65	60	9.65	20
9.66	60	9.66	20
9.67	60	9.67	20
9.68	60	9.68	20
9.69	60	9.69	20
9.7	60	9.7	20
9.71	60	9.71	20
9.72	60	9.72	20
9.73	60	9.73	20
9.74	60	9.74	20
9.75	60	9.75	20
9.76	60	9.76	20
9.77	60	9.77	20
9.78	60	9.78	20
9.79	60	9.79	20
9.8	60	9.8	20
9.81	60	9.81	20
9.82	60	9.82	20
9.83	60	9.83	20
9.84	60	9.84	20
9.85	60	9.85	20
9.86	60	9.86	20
9.87	60	9.87	20
9.88	60	9.88	20
9.89	60	9.89	20
9.9	60	9.9	20
9.91	60	9.91	20
9.92	60	9.92	20
9.93	60	9.93	20
9.94	60	9.94	20
9.95	60	9.95	20
9.96	60	9.96	20
9.97	60	9.97	20
9.98	60	9.98	20
9.99	60	9.99	20
10	60	10	20
10.01	60	10.01	20
10.02	60	10.02	20
10.03	60	10.03	20
10.04	60	10.04	20
10.05	60	10.05	20
10.06	60	10.06	20
10.07	60	10.07	20
10.08	60	10.08	20
10.09	60	10.09	20
10.1	60	10.1	20
10.11	60	10.11	20
10.12	60	10.12	20
10.13	60	10.13	20
10.14	60	10.14	20
10.15	60	10.15	20
10.16	60	10.16	20
10.17	60	10.17	20
10.18	60	10.18	20
10.19	60	10.19	20
10.2	60	10.2	20
10.21	60	10.21	20
10.22	60	10.22	20
10.23	60	10.23	20
10.24	60	10.24	20
10.25	60	10.25	20
10.26	60	10.26	20
10.27	60	10.27	20
10.28	60	10.28	20
10.29	60	10.29	20
10.3	60	10.3	20
10.31	60	10.31	20
10.32	60	10.32	20
10.33	60	10.33	20
10.34	60	10.34	20
10.35	60	10.35	20
10.36	60	10.36	20
10.37	60	10.37	20
10.38	60	10.38	20
10.39	60	10.39	20
10.4	60	10.4	20
10.41	60	10.41	20
10.42	60	10.42	20
10.43	60	10.43	20
10.44	60	10.44	20
10.45	60	10.45	20
10.46	60	10.46	20
10.47	60	10.47	20
10.48	60	10.48	20
10.49	60	10.49	20
10.5	60	10.5	20
10.51	60	10.51	20
10.52	60	10.52	20
10.53	60	10.53	20
10.54	60	10.54	20
10.55	60	10.55	20
10.56	60	10.56	20
10.57	60	10.57	20
10.58	60	10.58	20
10.59	60	10.59	20
10.6	60	10.6	20
10.61	60	10.61	20
10.62	60	10.62	20
10.63	60	10.63	20
10.64	60	10.64	20
10.65	60	10.65	20
10.66	60	10.66	20
10.67	60	10.67	20
10.68	60	10.68	20
10.69	60	10.69	20
10.7	60	10.7	20
10.71	60	10.71	20
10.72	60	10.72	20
10.73	60	10.73	20
10.74	60	10.74	20
10.75	60	10.75	20
10.76	60	10.76	20
10.77	60	10.77	20
10.78	60	10.78	20
10.79	60	10.79	20
10.8	60	10.8	20
10.81	60	10.81	20
10.82	60	10.82	20
10.83	60	10.83	20
10.84	60	10.84	20
10.85	60	10.85	20
10.86	60	10.86	20
10.87	60	10.87	20
10.88	60	10.88	20
10.89	60	10.89	20
10.9	60	10.9	20
10.91	60	10.91	20
10.92	60	10.92	20
10.93	60	10.93	20
10.94	60	10.94	20
10.95	60	10.95	20
10.96	60	10.96	20
10.97	60	10.97	20
10.98	60	10.98	20
10.99	60	10.99	20
11	60	11	20
11.01	60	11.01	20
11.02	60	11.02	20
11.03	60	11.03	20
11.04	60	11.04	20
11.05	60	11.05	20
11.06	60	11.06	20
11.07	60	11.07	20
11.08	60	11.08	20
11.09	60	11.09	20
11.1	60	11.1	20
11.11	60	11.11	20
11.12	60	11.12	20
11.13	60	11.13	20
11.14	60	11.14	20
11.15	60	11.15	20
11.16	60	11.16	20
11.17	60	11.17	20
11.18	60	11.18	20
11.19	60	11.19	20
11.2	60	11.2	20
11.21	60	11.21	20
11.22	60	11.22	20
11.23	60	11.23	20
11.24	60	11.24	20
11.25	60	11.25	20
11.26	60	11.26	20
11.27	60	11.27	20
11.28	60	11.28	20
11.29	60	11.29	20
11.3	60	11.3	20
11.31	60	11.31	20
11.32	60	11.32	20
11.33	60	11.33	20
11.34	60	11.34	20
11.35	60	11.35	20
11.36	60	11.36	20
11.37	60	11.37	20
11.38	60	11.38	20
11.39	60	11.39	20
11.4	60	11.4	20
11.41	60	11.41	20
11.42	60	11.42	20
11.43	60	11.43	20
11.44	60	11.44	20
11.45	60	11.45	20
11.46	60	11.46	20
11.47	60	11.47	20
11.48	60	11.48	20
11.49	60	11.49	20
11.5	60	11.5	20
11.51	60	11.51	20
11.52	60	11.52	20
11.53	60	11.53	20
11.54	60	11.54	20
11.55	60	11.55	20
11.56	60	11.56	20
11.57	60	11.57	20
11.58	60	11.58	20
11.59	60	11.59	20
11.6	60	11.6	20
11.61	60	11.61	20
11.62	60	11.62	20
11.63	60	11.63	20
11.64	60	11.64	20
11.65	60	11.65	20
11.66	60	11.66	20
11.67	60	11.67	20
11.68	60	11.68	20
11.69	60	11.69	20
11.7	60	11.7	20
11.71	60	11.71	20
11.72	60	11.72	20
11.73	60	11.73	20
11.74	60	11.74	20
11.75	60	11.75	20
11.76	60	11.76	20
11.77	60	11.77	20
11.78	60	11.78	20
11.79	60	11.79	20
11.8	60	11.8	20
11.81	60	11.81	20
11.82	60	11.82	20
11.83	60	11.83	20
11.84	60	11.84	20
11.85	60	11.85	20
11.86	60	11.86	20
11.87	60	11.87	20
11.88	60	11.88	20
11.89	60	11.89	20
11.9	60	11.9	20
11.91	60	11.91	20
11.92	60	11.92	20
11.93	60	11.93	20
11.94	60	11.94	20
11.95	60	11.95	20
11.96	60	11.96	20
11.97	60	11.97	20
11.98	60	11.98	20
11.99	60	11.99	20
12	60	12	20
12.01	60	12.01	20
12.02	60	12.02	20
12.03	60	12.03	20
12.04	60	12.04	20
12.05	60	12.05	20
12.06	60	12.06	20
12.07	60	12.07	20
12.08	60	12.08	20
12.09	60	12.09	20
12.1	60	12.1	20
12.11	60	12.11	20
12.12	60	12.12	20
12.13	60	12.13	20
12.14	60	12.14	20
12.15	60	12.15	20
12.16	60	12.16	20
12.17	60	12.17	20
12.18	60	12.18	20
12.19	60	12.19	20
12.2	60	12.2	20
12.21	60	12.21	20
12.22	60	12.22	20
12.23	60	12.23	20
12.24	60	12.24	20
12.25	60	12.25	20
12.26	60	12.26	20
12.27	60	12.27	20
12.28	60	12.28	20
12.29	60	12.29	20
12.3	60	12.3	20
12.31	60	12.31	20
12.32	60	12.32	20
12.33	60	12.33	20
12.34	60	12.34	20
12.35	60	12.35	20
12.36	60	12.36	20
12.37	60	12.37	20
12.38	60	12.38	20
12.39	60	12.39	20
12.4	60	12.4	20
12.41	60	12.41	20
12.42	60	12.42	20
12.43	60	12.43	20
12.44	60	12.44	20
12.45	60	12.45	20
12.46	60	12.46	20
12.47	60	12.47	20
12.48	60	12.48	20
12.49	60	12.49	20
12.5	60	12.5	20
12.51	60	12.51	20
12.52	60	12.52	20
12.53	60	12.53	20
12.54	60	12.54	20
12.55	60	12.55	20
12.56	60	12.56	20
12.57	60	12.57	20
12.58	60	12.58	20
12.59	60	12.59	20
12.6	60	12.6	20
12.61	60	12.61	20
12.62	60	12.62	20
12.63	60	12.63	20
12.64	60	12.64	20
12.65	60	12.65	20
12.66	60	12.66	20
12.67	60	12.67	20
12.68	60	12.68	20
12.69	60	12.69	20
12.7	60	12.7	20
12.71	60	12.71	20
12.72	60	12.72	20
12.73	60	12.73	20
12.74	60	12.74	20
12.75	60	12.75	20
12.76	60	12.76	20
12.77	60	12.77	20
12.78	60	12.78	20
12.79	60	12.79	20
12.8	60	12.8	20
12.81	60	12.81	20
12.82	60	12.82	20
12.83	60	12.83	20
12.84	60	12.84	20
12.85	60	12.85	20
12.86	60	12.86	20
12.87	60	12.87	20
12.88	60	12.88	20
12.89	60	12.89	20
12.9	60	12.9	20
12.91	60	12.91	20
12.92	60	12.92	20
12.93	60	12.93	20
12.94	60	12.94	20
12.95	60	12.95	20
12.96	60	12.96	20
12.97	60	12.97	20
12.98	60	12.98	20
12.99	60	12.99	20
13	60	13	20
13.01	60	13.01	20
13.02	60	13.02	20
13.03	60	13.03	20
13.04	60	13.04	20
13.05	60	13.05	20
13.06	60	13.06	20
13.07	60	13.07	20
13.08	60	13.08	20
13.09	60	13.09	20
13.1	60	13.1	20
13.11	60	13.11	20
13.12	60	13.12	20
13.13	60	13.13	20
13.14	60	13.14	20
13.15	60	13.15	20
13.16	60	13.16	20
13.17	60	13.17	20
13.18	60	13.18	20
13.19	60	13.19	20
13.2	60	13.2	20
13.21	60	13.21	20
13.22	60	13.22	20
13.23	60	13.23	20
13.24	60	13.24	20
13.25	60	13.25	20
13.26	60	13.26	20
13.27	60	13.27	20
13.28	60	13.28	20
13.29	60	13.29	20
13.3	60	13.3	20
13.31	60	13.31	20
13.32	60	13.32	20
13.33	60	13.33	20
13.34	60	13.34	20
13.35	60	13.35	20
13.36	60	13.36	20
13.37	60	13.37	20
13.38	60	13.38	20
13.39	60	13.39	20
13.4	60	13.4	20
13.41	60	13.41	20
13.42	60	13.42	20
13.43	60	13.43	20
13.44	60	13.44	20
13.45	60	13.45	20
13.46	60	13.46	20
13.47	60	13.47	20
13.48	60	13.48	20
13.49	60	13.49	20
13.5	60	13.5	20
13.51	60	13.51	20
13.52	60	13.52	20
13.53	60	13.53	20
13.54	60	13.54	20
13.55	60	13.55	20
13.56	60	13.56	20
13.57	60	13.57	20
13.58	60	13.58	20
13.59	60	13.59	20
13.6	60	13.6	20
13.61	60	13.61	20
13.62	60	13.62	20
13.63	60	13.63	20
13.64	60	13.64	20
13.65	60	13.65	20
13.66	60	13.66	20
13.67	60	13.67	20
13.68	60	13.68	20
13.69	60	13.69	20
13.7	60	13.7	20
13.71	60	13.71	20
13.72	60	13.72	20
13.73	60	13.73	20
13.74	60	13.74	20
13.75	60	13.75	20
13.76	60	13.76	20
13.77	60	13.77	20
13.78	60	13.78	20
13.79	60	13.79	20
13.8	60	13.8	20
13.81	60	13.81	20
13.82	60	13.82	20
13.83	60	13.83	20
13.84	60	13.84	20
13.85	60	13.85	20
13.86	60	13.86	20
13.87	60	13.87	20
13.88	60	13.88	20
13.89	60	13.89	20
13.9	60	13.9	20
13.91	60	13.91	20
13.92	60	13.92	20
13.93	60	13.93	20
13.94	60	13.94	20
13.95	60	13.95	20
13.96	60	13.96	20
13.97	60	13.97	20
13.98	60	13.98	20
13.99	60	13.99	20
14	60	14	20
14.01	60	14.01	20
14.02	60	14.02	20
14.03	60	14.03	20
14.04	60	14.04	20
14.05	60	14.05	20
14.06	60	14.06	20
14.07	60	14.07	20
14.08	60	14.08	20
14.09	60	14.09	20
14.1	60	14.1	20
14.11	60	14.11	20
14.12	60	14.12	20
14.13	60	14.13	20
14.14	60	14.14	20
14.15	60	14.15	20
14.16	60	14.16	20
14.17	60	14.17	20
14.18	60	14.18	20
14.19	60	14.19	20
14.2	60	14.2	20
14.21	60	14.21	20
14.22	60	14.22	20
14.23	60	14.23	20
14.24	60	14.24	20
14.25	60	14.25	20
14.26	60	14.26	20
14.27	60	14.27	20
14.28	60	14.28	20
14.29	60	14.29	20
14.3	60	14.3	20
14.31	60	14.31	20
14.32	60	14.32	20
14.33	60	14.33	20
14.34	60	14.34	20
14.35	60	14.35	20
14.36	60	14.36	20
14.37	60	14.37	20
14.38	60	14.38	20
14.39	60	14.39	20
14.4	60	14.4	20
14.41	60	14.41	20
14.42	60	14.42	20
14.43	60	14.43	20
14.44	60	14.44	20
14.45	60	14.45	20
14.46	60	14.46	20
14.47	60	14.47	20
14.48	60	14.48	20
14.49	60	14.49	20
14.5	60	14.5	20
14.51	60	14.51	20
14.52	60	14.52	20
14.53	60	14.53	20
14.54	60	14.54	20
14.55	60	14.55	20
14.56	60	14.56	20
14.57	60	14.57	20
14.58	60	14.58	20
14.59	60	14.59	20
14.6	60	14.6	20
14.61	60	14.61	20
14.62	60	14.62	20
14.63	60	14.63	20
14.64	60	14.64	20
14.65	60	14.65	20
14.66	60	14.66	20
14.67	60	14.67	20
14.68	60	14.68	20
14.69	60	14.69	20
14.7	60	14.7	20
14.71	60	14.71	20
14.72	60	14.72	20
14.73	60	14.73	20
14.74	60	14.74	20
14.75	60	14.75	20
14.76	60	14.76	20
14.77	60	14.77	20
14.78	60	14.78	20
14.79	60	14.79	20
14.8	60	14.8	20
14.81	60	14.81	20
14.82	60	14.82	20
14.83	60	14.83	20
14.84	60	14.84	20
14.85	60	14.85	20
14.86	60	14.86	20
14.87	60	14.87	20
14.88	60	14.88	20
14.89	60	14.89	20
14.9	60	14.9	20
14.91	60	14.91	20
14.92	60	14.92	20
14.93	60	14.93	20
14.94	60	14.94	20
14.95	60	14.95	20
14.96	60	14.96	20
14.97	60	14.97	20
14.98	60	14.98	20
14.99	60	14.99	20
15	60	15	20
15.01	60	15.01	20
15.02	60	15.02	20
15.03	60	15.03	20
15.04	60	15.04	20
15.05	60	15.05	20
15.06	60	15.06	20
15.07	60	15.07	20
15.08	60	15.08	20
15.09	60	15.09	20
15.1	60	15.1	20
15.11	60	15.11	20
15.12	60	15.12	20
15.13	60	15.13	20
15.14	60	15.14	20
15.15	60	15.15	20
15.16	60	15.16	20
15.17	60	15.17	20
15.18	60	15.18	20
15.19	60	15.19	20
15.2	60	15.2	20
15.21	60	15.21	20
15.22	60	15.22	20
15.23	60	15.23	20
15.24	60	15.24	20
15.25	60	15.25	20
15.26	60	15.26	20
15.27	60	15.27	20
15.28	60	15.28	20
15.29	60	15.29	20
15.3	60	15.3	20
15.31	60	15.31	20
15.32	60	15.32	20
15.33	60	15.33	20
15.34	60	15.34	20
15.35	60	15.35	20
15.36	60	15.36	20
15.37	60	15.37	20
15.38	60	15.38	20
15.39	60	15.39	20
15.4	60	15.4	20
15.41	60	15.41	20
15.42	60	15.42	20
15.43	60	15.43	20
15.44	60	15.44	20
15.45	60	15.45	20
15.46	60	15.46	20
15.47	60	15.47	20
15.48	60	15.48	20
15.49	60	15.49	20
15.5	60	15.5	20
15.51	60	15.51	20
15.52	60	15.52	20
15.53	60	15.53	20
15.54	60	15.54	20
15.55	60	15.55	20
15.56	60	15.56	20
15.57	60	15.57	20
15.58	60	15.58	20
15.59	60	15.59	20
15.6	60	15.6	20
15.61	60	15.61	20
15.62	60	15.62	20
15.63	60	15.63	20
15.64	60	15.64	20
15.65	60	15.65	20
15.66	60	15.66	20
15.67	60	15.67	20
15.68	60	15.68	20
15.69	60	15.69	20
15.7	60	15.7	20
15.71	60	15.71	20
15.72	60	15.72	20
15.73	60	15.73	20
15.74	60	15.74	20
15.75	60	15.75	20
15.76	60	15.76	20
15.77	60	15.77	20
15.78	60	15.78	20
15.79	60	15.79	20
15.8	60	15.8	20
15.81	60	15.81	20
15.82	60	15.82	20
15.83	60	15.83	20
15.84	60	15.84	20
15.85	60	15.85	20
15.86	60	15.86	20
15.87	60	15.87	20
15.88	60	15.88	20
15.89	60	15.89	20
15.9	60	15.9	20
15.91	60	15.91	20
15.92	60	15.92	20
15.93	60	15.93	20
15.94	60	15.94	20
15.95	60	15.95	20
15.96	60	15.96	20
15.97	60	15.97	20
15.98	60	15.98	20
15.99	60	15.99	20
16	60	16	20
16.01	60	16.01	20
16.02	60	16.02	20
16.03	60	16.03	20
16.04	60	16.04	20
16.05	60	16.05	20
16.06	60	16.06	20
16.07	60	16.07	20
16.08	60	16.08	20
16.09	60	16.09	20
16.1	60	16.1	20
16.11	60	16.11	20
16.12	60	16.12	20
16.13	60	16.13	20
16.14	60	16.14	20
16.15	60	16.15	20
16.16	60	16.16	20
16.17	60	16.17	20
16.18	60	16.18	20
16.19	60	16.19	20
16.2	60	16.2	20
16.21	60	16.21	20
16.22	60	16.22	20
16.23	60	16.23	20
16.24	60	16.24	20
16.25	60	16.25	20
16.26	60	16.26	20
16.27	60	16.27	20
16.28	60	16.28	20
16.29	60	16.29	20
16.3	60	16.3	20
16.31	60	16.31	20
16.32	60	16.32	20
16.33	60	16.33	20
16.34	60	16.34	20
16.35	60	16.35	20
16.36	60	16.36	20
16.37	60	16.37	20
16.38	60	16.38	20
16.39	60	16.39	20
16.4	60	16.4	20
16.41	60	16.41	20
16.42	60	16.42	20
16.43	60	16.43	20
16.44	60	16.44	20
16.45	60	16.45	20
16.46	60	16.46	20
16.47	60	16.47	20
16.48	60	16.48	20
16.49	60	16.49	20
16.5	60	16.5	20
16.51	60	16.51	20
16.52	60	16.52	20
16.53	60	16.53	20
16.54	60	16.54	20
16.55	60	16.55	20
16.56	60	16.56	20
16.57	60	16.57	20
16.58	60	16.58	20
16.59	60	16.59	20
16.6	60	16.6	20
16.61	60	16.61	20
16.62	60	16.62	20
16.63	60	16.63	20
16.64	60	16.64	20
16.65	60	16.65	20
16.66	60	16.66	20
16.67	60	16.67	20
16.68	60	16.68	20
16.69	60	16.69	20
16.7	60	16.7	20
16.71	60	16.71	20
16.72	60	16.72	20
16.73	60	16.73	20
16.74	60	16.74	20
16.75	60	16.75	20
16.76	60	16.76	20
16.77	60	16.77	20
16.78	60	16.78	20
16.79	60	16.79	20
16.8	60	16.8	20
16.81	60	16.81	20
16.82	60	16.82	20
16.83	60	16.83	20
16.84	60	16.84	20
16.85	60	16.85	20
16.86	60	16.86	20
16.87	60	16.87	20
16.88	60	16.88	20
16.89	60	16.89	20
16.9	60	16.9	20
16.91	60	16.91	20
16.92	60	16.92	20
16.93	60	16.93	20
16.94	60	16.94	20
16.95	60	16.95	20
16.96	60	16.96	20
16.97	60	16.97	20
16.98	60	16.98	20
16.99	60	16.99	20
17	60	17	20
17.01	60	17.01	20
17.02	60	17.02	20
17.03	60	17.03	20
17.04	60	17.04	20
17.05	60	17.05	20
17.06	60	17.06	20
17.07	60	17.07	20
17.08	60	17.08	20
17.09	60	17.09	20
17.1	60	17.1	20
17.11	60	17.11	20
17.12	60	17.12	20
17.13	60	17.13	20
17.14	60	17.14	20
17.15	60	17.15	20
17.16	60	17.16	20
17.17	60	17.17	20
17.18	60	17.18	20
17.19	60	17.19	20
17.2	60	17.2	20
17.21	60	17.21	20
17.22	60	17.22	20
17.23	60	17.23	20
17.24	60	17.24	20
17.25	60	17.25	20
17.26	60	17.26	20
17.27	60	17.27	20
17.28	60	17.28	20
17.29	60	17.29	20
17.3	60	17.3	20
17.31	60	17.31	20
17.32	60	17.32	20
17.33	60	17.33	20
17.34	60	17.34	20
17.35	60	17.35	20
17.36	60	17.36	20
17.37	60	17.37	20
17.38	60	17.38	20
17.39	60	17.39	20
17.4	60	17.4	20
17.41	60	17.41	20
17.42	60	17.42	20
17.43	60	17.43	20
17.44	60	17.44	20
17.45	60	17.45	20
17.46	60	17.46	20
17.47	60	17.47	20
17.48	60	17.48	20
17.49	60	17.49	20
17.5	60	17.5	20
17.51	60	17.51	20
17.52	60	17.52	20
17.53	60	17.53	20
17.54	60	17.54	20
17.55	60	17.55	20
17.56	60	17.56	20
17.57	60	17.57	20
17.58	60	17.58	20
17.59	60	17.59	20
17.6	60	17.6	20
17.61	60	17.61	20
17.62	60	17.62	20
17.63	60	17.63	20
17.64	60	17.64	20
17.65	60	17.65	20
17.66	60	17.66	20
17.67	60	17.67	20
17.68	60	17.68	20
17.69	60	17.69	20
17.7	60	17.7	20
17.71	60	17.71	20
17.72	60	17.72	20
17.73	60	17.73	20
17.74	60	17.74	20
17.75	60	17.75	20
17.76	60	17.76	20
17.77	60	17.77	20
17.78	60	17.78	20
17.79	60	17.79	20
17.8	60	17.8	20
17.81	60	17.81	20
17.82	60	17.82	20
17.83	60	17.83	20
17.84	60	17.84	20
17.85	60	17.85	20
17.86	60	17.86	20
17.87	60	17.87	20
17.88	60	17.88	20
17.89	60	17.89	20
17.9	60	17.9	20
17.91	60	17.91	20
17.92	60	17.92	20
17.93	60	17.93	20
17.94	60	17.94	20
17.95	60	17.95	20
17.96	60	17.96	20
17.97	60	17.97	20
17.98	60	17.98	20
17.99	60	17.99	20
18	60	18	20
18.01	60	18.01	20
18.02	60	18.02	20
18.03	60	18.03	20
18.04	60	18.04	20
18.05	60	18.05	20
18.06	60	18.06	20
18.07	60	18.07	20
18.08	60	18.08	20
18.09	60	18.09	20
18.1	60	18.1	20
18.11	60	18.11	20
18.12	60	18.12	20
18.13	60	18.13	20
18.14	60	18.14	20
18.15	60	18.15	20
18.16	60	18.16	20
18.17	60	18.17	20
18.18	60	18.18	20
18.19	60	18.19	20
18.2	60	18.2	20
18.21	60	18.21	20
18.22	60	18.22	20
18.23	60	18.23	20
18.24	60	18.24	20
18.25	60	18.25	20
18.26	60	18.26	20
18.27	60	18.27	20
18.28	60	18.28	20
18.29	60	18.29	20
18.3	60	18.3	20
18.31	60	18.31	20
18.32	60	18.32	20
18.33	60	18.33	20
18.34	60	18.34	20
18.35	60	18.35	20
18.36	60	18.36	20
18.37	60	18.37	20
18.38	60	18.38	20
18.39	60	18.39	20
18.4	60	18.4	20
18.41	60	18.41	20
18.42	60	18.42	20
18.43	60	18.43	20
18.44	60	18.44	20
18.45	60	18.45	20
18.46	60	18.46	20
18.47	60	18.47	20
18.48	60	18.48	20
18.49	60	18.49	20
18.5	60	18.5	20
18.51	60	18.51	20
18.52	60	18.52	20
18.53	60	18.53	20
18.54	60	18.54	20
18.55	60	18.55	20
18.56	60	18.56	20
18.57	60	18.57	20
18.58	60	18.58	20
18.59	60	18.59	20
18.6	60	18.6	20
18.61	60	18.61	20
18.62	60	18.62	20
18.63	60	18.63	20
18.64	60	18.64	20
18.65	60	18.65	20
18.66	60	18.66	20
18.67	60	18.67	20
18.68	60	18.68	20
18.69	60	18.69	20
18.7	60	18.7	20
18.71	60	18.71	20
18.72	60	18.72	20
18.73	60	18.73	20
18.74	60	18.74	20
18.75	60	18.75	20
18.76	60	18.76	20
18.77	60	18.77	20
18.78	60	18.78	20
18.79	60	18.79	20
18.8	60	18.8	20
18.81	60	18.81	20
18.82	60	18.82	20
18.83	60	18.83	20
18.84	60	18.84	20
18.85	60	18.85	20
18.86	60	18.86	20
18.87	60	18.87	20
18.88	60	18.88	20
18.89	60	18.89	20
18.9	60	18.9	20
18.91	60	18.91	20
18.92	60	18.92	20
18.93	60	18.93	20
18.94	60	18.94	20
18.95	60	18.95	20
18.96	60	18.96	20
18.97	60	18.97	20
18.98	60	18.98	20
18.99	60	18.99	20
19	60	19	20
19.01	60	19.01	20
19.02	60	19.02	20
19.03	60	19.03	20
19.04	60	19.04	20
19.05	60	19.05	20
19.06	60	19.06	20
19.07	60	19.07	20
19.08	60	19.08	20
19.09	60	19.09	20
19.1	60	19.1	20
19.11	60	19.11	20
19.12	60	19.12	20
19.13	60	19.13	20
19.14	60	19.14	20
19.15	60	19.15	20
19.16	60	19.16	20
19.17	60	19.17	20
19.18	60	19.18	20
19.19	60	19.19	20
19.2	60	19.2	20
19.21	60	19.21	20
19.22	60	19.22	20
19.23	60	19.23	20
19.24	60	19.24	20
19.25	60	19.25	20
19.26	60	19.26	20
19.27	60	19.27	20
19.28	60	19.28	20
19.29	60	19.29	20
19.3	60	19.3	20
19.31	60	19.31	20
19.32	60	19.32	20
19.33	60	19.33	20
19.34	60	19.34	20
19.35	60	19.35	20
19.36	60	19.36	20
19.37	60	19.37	20
19.38	60	19.38	20
19.39	60	19.39	20
19.4	60	19.4	20
19.41	60	19.41	20
19.42	60	19.42	20
19.43	60	19.43	20
19.44	60	19.44	20
19.45	60	19.45	20
19.46	60	19.46	20
19.47	60	19.47	20
19.48	60	19.48	20
19.49	60	19.49	20
19.5	60	19.5	20
19.51	60	19.51	20
19.52	60	19.52	20
19.53	60	19.53	20
19.54	60	19.54	20
19.55	60	19.55	20
19.56	60	19.56	20
19.57	60	19.57	20
19.58	60	19.58	20
19.59	60	19.59	20
19.6	60	19.6	20
19.61	60	19.61	20
19.62	60	19.62	20
19.63	60	19.63	20
19.64	60	19.64	20
19.65	60	19.65	20
19.66	60	19.66	20
19.67	60	19.67	20
19.68	60	19.68	20
19.69	60	19.69	20
19.7	60	19.7	20
19.71	60	19.71	20
19.72	60	19.72	20
19.73	60	19.73	20
19.74	60	19.74	20
19.75	60	19.75	20
19.76	60	19.76	20
19.77	60	19.77	20
19.78	60	19.78	20
19.79	60	19.79	20
19.8	60	19.8	20
19.81	60	19.81	20
19.82	60	19.82	20
19.83	60	19.83	20
19.84	60	19.84	20
19.85	60	19.85	20
19.86	60	19.86	20
19.87	60	19.87	20
19.88	60	19.88	20
19.89	60	19.89	20
19.9	60	19.9	20
19.91	60	19.91	20
19.92	60	19.92	20
19.93	60	19.93	20
19.94	60	19.94	20
19.95	60	19.95	20
19.96	60	19.96	20
19.97	60	19.97	20
19.98	60	19.98	20
19.99	60	19.99	20
20	60	20	20
