!!SBtab	SBtabVersion='1.0'  TableType='QuantityMatrix'  TableName='EI5'  TableTitle=''  Document='D1 LTP time window'									%
!Input_Time	>S24	!Input_Time	>S47	!Sim_Time						
0	60	0	20	20						
0.01	60	0.01	20							
0.02	60	0.02	20							
0.03	60	0.03	20							
0.04	60	0.04	20							
0.05	60	0.05	20							
0.06	60	0.06	20							
0.07	60	0.07	20							
0.08	60	0.08	20							
0.09	60	0.09	20							
0.1	60	0.1	20							
0.11	60	0.11	20							
0.12	60	0.12	20							
0.13	60	0.13	20							
0.14	60	0.14	20							
0.15	60	0.15	20							
0.16	60	0.16	20							
0.17	60	0.17	20							
0.18	60	0.18	20							
0.19	60	0.19	20							
0.2	60	0.2	20							
0.21	60	0.21	20							
0.22	60	0.22	20							
0.23	60	0.23	20							
0.24	60	0.24	20							
0.25	60	0.25	20							
0.26	60	0.26	20							
0.27	60	0.27	20							
0.28	60	0.28	20							
0.29	60	0.29	20							
0.3	60	0.3	20							
0.31	60	0.31	20							
0.32	60	0.32	20							
0.33	60	0.33	20							
0.34	60	0.34	20							
0.35	60	0.35	20							
0.36	60	0.36	20							
0.37	60	0.37	20							
0.38	60	0.38	20							
0.39	60	0.39	20							
0.4	60	0.4	20							
0.41	60	0.41	20							
0.42	60	0.42	20							
0.43	60	0.43	20							
0.44	60	0.44	20							
0.45	60	0.45	20							
0.46	60	0.46	20							
0.47	60	0.47	20							
0.48	60	0.48	20							
0.49	60	0.49	20							
0.5	60	0.5	20							
0.51	60	0.51	20							
0.52	60	0.52	20							
0.53	60	0.53	20							
0.54	60	0.54	20							
0.55	60	0.55	20							
0.56	60	0.56	20							
0.57	60	0.57	20							
0.58	60	0.58	20							
0.59	60	0.59	20							
0.6	60	0.6	20							
0.61	60	0.61	20							
0.62	60	0.62	20							
0.63	60	0.63	20							
0.64	60	0.64	20							
0.65	60	0.65	20							
0.66	60	0.66	20							
0.67	60	0.67	20							
0.68	60	0.68	20							
0.69	60	0.69	20							
0.7	60	0.7	20							
0.71	60	0.71	20							
0.72	60	0.72	20							
0.73	60	0.73	20							
0.74	60	0.74	20							
0.75	60	0.75	20							
0.76	60	0.76	20							
0.77	60	0.77	20							
0.78	60	0.78	20							
0.79	60	0.79	20							
0.8	60	0.8	20							
0.81	60	0.81	20							
0.82	60	0.82	20							
0.83	60	0.83	20							
0.84	60	0.84	20							
0.85	60	0.85	20							
0.86	60	0.86	20							
0.87	60	0.87	20							
0.88	60	0.88	20							
0.89	60	0.89	20							
0.9	60	0.9	20							
0.91	60	0.91	20							
0.92	60	0.92	20							
0.93	60	0.93	20							
0.94	60	0.94	20							
0.95	60	0.95	20							
0.96	60	0.96	20							
0.97	60	0.97	20							
0.98	60	0.98	20							
0.99	60	0.99	20							
1	60	1	20							
1.01	60	1.01	20							
1.02	60	1.02	20							
1.03	60	1.03	20							
1.04	60	1.04	20							
1.05	60	1.05	20							
1.06	60	1.06	20							
1.07	60	1.07	20							
1.08	60	1.08	20							
1.09	60	1.09	20							
1.1	60	1.1	20							
1.11	60	1.11	20							
1.12	60	1.12	20							
1.13	60	1.13	20							
1.14	60	1.14	20							
1.15	60	1.15	20							
1.16	60	1.16	20							
1.17	60	1.17	20							
1.18	60	1.18	20							
1.19	60	1.19	20							
1.2	60	1.2	20							
1.21	60	1.21	20							
1.22	60	1.22	20							
1.23	60	1.23	20							
1.24	60	1.24	20							
1.25	60	1.25	20							
1.26	60	1.26	20							
1.27	60	1.27	20							
1.28	60	1.28	20							
1.29	60	1.29	20							
1.3	60	1.3	20							
1.31	60	1.31	20							
1.32	60	1.32	20							
1.33	60	1.33	20							
1.34	60	1.34	20							
1.35	60	1.35	20							
1.36	60	1.36	20							
1.37	60	1.37	20							
1.38	60	1.38	20							
1.39	60	1.39	20							
1.4	60	1.4	20							
1.41	60	1.41	20							
1.42	60	1.42	20							
1.43	60	1.43	20							
1.44	60	1.44	20							
1.45	60	1.45	20							
1.46	60	1.46	20							
1.47	60	1.47	20							
1.48	60	1.48	20							
1.49	60	1.49	20							
1.5	60	1.5	20							
1.51	60	1.51	20							
1.52	60	1.52	20							
1.53	60	1.53	20							
1.54	60	1.54	20							
1.55	60	1.55	20							
1.56	60	1.56	20							
1.57	60	1.57	20							
1.58	60	1.58	20							
1.59	60	1.59	20							
1.6	60	1.6	20							
1.61	60	1.61	20							
1.62	60	1.62	20							
1.63	60	1.63	20							
1.64	60	1.64	20							
1.65	60	1.65	20							
1.66	60	1.66	20							
1.67	60	1.67	20							
1.68	60	1.68	20							
1.69	60	1.69	20							
1.7	60	1.7	20							
1.71	60	1.71	20							
1.72	60	1.72	20							
1.73	60	1.73	20							
1.74	60	1.74	20							
1.75	60	1.75	20							
1.76	60	1.76	20							
1.77	60	1.77	20							
1.78	60	1.78	20							
1.79	60	1.79	20							
1.8	60	1.8	20							
1.81	60	1.81	20							
1.82	60	1.82	20							
1.83	60	1.83	20							
1.84	60	1.84	20							
1.85	60	1.85	20							
1.86	60	1.86	20							
1.87	60	1.87	20							
1.88	60	1.88	20							
1.89	60	1.89	20							
1.9	60	1.9	20							
1.91	60	1.91	20							
1.92	60	1.92	20							
1.93	60	1.93	20							
1.94	60	1.94	20							
1.95	60	1.95	20							
1.96	60	1.96	20							
1.97	60	1.97	20							
1.98	60	1.98	20							
1.99	60	1.99	20							
2	60	2	20							
2.01	60	2.01	20							
2.02	60	2.02	20							
2.03	60	2.03	20							
2.04	60	2.04	20							
2.05	60	2.05	20							
2.06	60	2.06	20							
2.07	60	2.07	20							
2.08	60	2.08	20							
2.09	60	2.09	20							
2.1	60	2.1	20							
2.11	60	2.11	20							
2.12	60	2.12	20							
2.13	60	2.13	20							
2.14	60	2.14	20							
2.15	60	2.15	20							
2.16	60	2.16	20							
2.17	60	2.17	20							
2.18	60	2.18	20							
2.19	60	2.19	20							
2.2	60	2.2	20							
2.21	60	2.21	20							
2.22	60	2.22	20							
2.23	60	2.23	20							
2.24	60	2.24	20							
2.25	60	2.25	20							
2.26	60	2.26	20							
2.27	60	2.27	20							
2.28	60	2.28	20							
2.29	60	2.29	20							
2.3	60	2.3	20							
2.31	60	2.31	20							
2.32	60	2.32	20							
2.33	60	2.33	20							
2.34	60	2.34	20							
2.35	60	2.35	20							
2.36	60	2.36	20							
2.37	60	2.37	20							
2.38	60	2.38	20							
2.39	60	2.39	20							
2.4	60	2.4	20							
2.41	60	2.41	20							
2.42	60	2.42	20							
2.43	60	2.43	20							
2.44	60	2.44	20							
2.45	60	2.45	20							
2.46	60	2.46	20							
2.47	60	2.47	20							
2.48	60	2.48	20							
2.49	60	2.49	20							
2.5	60	2.5	20							
2.51	60	2.51	20							
2.52	60	2.52	20							
2.53	60	2.53	20							
2.54	60	2.54	20							
2.55	60	2.55	20							
2.56	60	2.56	20							
2.57	60	2.57	20							
2.58	60	2.58	20							
2.59	60	2.59	20							
2.6	60	2.6	20							
2.61	60	2.61	20							
2.62	60	2.62	20							
2.63	60	2.63	20							
2.64	60	2.64	20							
2.65	60	2.65	20							
2.66	60	2.66	20							
2.67	60	2.67	20							
2.68	60	2.68	20							
2.69	60	2.69	20							
2.7	60	2.7	20							
2.71	60	2.71	20							
2.72	60	2.72	20							
2.73	60	2.73	20							
2.74	60	2.74	20							
2.75	60	2.75	20							
2.76	60	2.76	20							
2.77	60	2.77	20							
2.78	60	2.78	20							
2.79	60	2.79	20							
2.8	60	2.8	20							
2.81	60	2.81	20							
2.82	60	2.82	20							
2.83	60	2.83	20							
2.84	60	2.84	20							
2.85	60	2.85	20							
2.86	60	2.86	20							
2.87	60	2.87	20							
2.88	60	2.88	20							
2.89	60	2.89	20							
2.9	60	2.9	20							
2.91	60	2.91	20							
2.92	60	2.92	20							
2.93	60	2.93	20							
2.94	60	2.94	20							
2.95	60	2.95	20							
2.96	60	2.96	20							
2.97	60	2.97	20							
2.98	60	2.98	20							
2.99	60	2.99	20							
3	60	3	20							
3.01	60	3.01	20							
3.02	60	3.02	20							
3.03	60	3.03	20							
3.04	60	3.04	20							
3.05	60	3.05	20							
3.06	60	3.06	20							
3.07	60	3.07	20							
3.08	60	3.08	20							
3.09	60	3.09	20							
3.1	60	3.1	20							
3.11	60	3.11	20							
3.12	60	3.12	20							
3.13	60	3.13	20							
3.14	60	3.14	20							
3.15	60	3.15	20							
3.16	60	3.16	20							
3.17	60	3.17	20							
3.18	60	3.18	20							
3.19	60	3.19	20							
3.2	60	3.2	20							
3.21	60	3.21	20							
3.22	60	3.22	20							
3.23	60	3.23	20							
3.24	60	3.24	20							
3.25	60	3.25	20							
3.26	60	3.26	20							
3.27	60	3.27	20							
3.28	60	3.28	20							
3.29	60	3.29	20							
3.3	60	3.3	20							
3.31	60	3.31	20							
3.32	60	3.32	20							
3.33	60	3.33	20							
3.34	60	3.34	20							
3.35	60	3.35	20							
3.36	60	3.36	20							
3.37	60	3.37	20							
3.38	60	3.38	20							
3.39	60	3.39	20							
3.4	60	3.4	20							
3.41	60	3.41	20							
3.42	60	3.42	20							
3.43	60	3.43	20							
3.44	60	3.44	20							
3.45	60	3.45	20							
3.46	60	3.46	20							
3.47	60	3.47	20							
3.48	60	3.48	20							
3.49	60	3.49	20							
3.5	60	3.5	20							
3.51	60	3.51	20							
3.52	60	3.52	20							
3.53	60	3.53	20							
3.54	60	3.54	20							
3.55	60	3.55	20							
3.56	60	3.56	20							
3.57	60	3.57	20							
3.58	60	3.58	20							
3.59	60	3.59	20							
3.6	60	3.6	20							
3.61	60	3.61	20							
3.62	60	3.62	20							
3.63	60	3.63	20							
3.64	60	3.64	20							
3.65	60	3.65	20							
3.66	60	3.66	20							
3.67	60	3.67	20							
3.68	60	3.68	20							
3.69	60	3.69	20							
3.7	60	3.7	20							
3.71	60	3.71	20							
3.72	60	3.72	20							
3.73	60	3.73	20							
3.74	60	3.74	20							
3.75	60	3.75	20							
3.76	60	3.76	20							
3.77	60	3.77	20							
3.78	60	3.78	20							
3.79	60	3.79	20							
3.8	60	3.8	20							
3.81	60	3.81	20							
3.82	60	3.82	20							
3.83	60	3.83	20							
3.84	60	3.84	20							
3.85	60	3.85	20							
3.86	60	3.86	20							
3.87	60	3.87	20							
3.88	60	3.88	20							
3.89	60	3.89	20							
3.9	60	3.9	20							
3.91	60	3.91	20							
3.92	60	3.92	20							
3.93	60	3.93	20							
3.94	60	3.94	20							
3.95	60	3.95	20							
3.96	60	3.96	20							
3.97	60	3.97	20							
3.98	60	3.98	20							
3.99	60	3.99	20							
4	60	4	20							
4.01	60.0000000028717	4.01	20							
4.02	612.099004525894	4.02	20							
4.03	935.379227590528	4.03	20							
4.04	1108.70875814633	4.04	20							
4.05	1184.88593231852	4.05	20							
4.06	1199.16318232878	4.06	20							
4.07	1174.99207900493	4.07	20							
4.08	1127.89474573858	4.08	20							
4.09	1068.07203020114	4.09	20							
4.1	1002.16002838714	4.1	20							
4.11	487.848183384799	4.11	20							
4.12	1219.66812852018	4.12	20							
4.13	1661.47676208571	4.13	20							
4.14	1912.30613115526	4.14	20							
4.15	2038.53118419477	4.15	20							
4.16	2084.54063042772	4.16	20							
4.17	2074.02623143318	4.17	20							
4.18	2010.74258805604	4.18	20							
4.19	1915.4424212227	4.19	20							
4.2	1803.22518714246	4.2	20							
4.21	1683.85823659844	4.21	20							
4.22	1949.21549644799	4.22	20							
4.23	2393.828093243	4.23	20							
4.24	2646.49591988577	4.24	20							
4.25	2773.91299187221	4.25	20							
4.26	2820.68276926358	4.26	20							
4.27	2806.12747688977	4.27	20							
4.28	2720.54655083765	4.28	20							
4.29	2591.01827992029	4.29	20							
4.3	2438.23170417277	4.3	20							
4.31	2275.57217463771	4.31	20							
4.32	2320.77913707545	4.32	20							
4.33	2854.80571062095	4.33	20							
4.34	3166.19630420242	4.34	20							
4.35	3331.77917482393	4.35	20							
4.36	3402.97943661726	4.36	20							
4.37	3411.31427107209	4.37	20							
4.38	3334.55583485299	4.38	20							
4.39	3192.6918660831	4.39	20							
4.4	3014.92532559646	4.4	20							
4.41	2820.23875366567	4.41	20							
4.42	2080.18403749699	4.42	20							
4.43	2852.13225287083	4.43	20							
4.44	3320.46616887824	4.44	20							
4.45	3588.69513555932	4.45	20							
4.46	3726.20916647643	4.46	20							
4.47	3779.42634488023	4.47	20							
4.48	3767.39191249123	4.48	20							
4.49	3659.9362333272	4.49	20							
4.5	3489.79999000804	4.5	20							
4.51	3286.06885748402	4.51	20							
4.52	3067.58657074878	4.52	20							
4.53	2704.14373125098	4.53	20							
4.54	3398.85834514829	4.54	20							
4.55	3816.15736642864	4.55	20							
4.56	4050.92558242008	4.56	20							
4.57	4166.74526218088	4.57	20							
4.58	4206.12554331454	4.58	20							
4.59	4170.51626463403	4.59	20							
4.6	4032.13004152514	4.6	20							
4.61	3832.22434858545	4.61	20							
4.62	3600.29813752128	4.62	20							
4.63	2794.85744009111	4.63	20							
4.64	3572.54721505955	4.64	20							
4.65	4044.6778881844	4.65	20							
4.66	4315.39879474724	4.66	20							
4.67	4454.53093277414	4.67	20							
4.68	4508.78248204665	4.68	20							
4.69	4494.88346556701	4.69	20							
4.7	4367.89253904091	4.7	20							
4.71	4165.27880455634	4.71	20							
4.72	3922.05683075695	4.72	20							
4.73	3660.9162847659	4.73	20							
4.74	3243.93448510496	4.74	20							
4.75	3959.32373379399	4.75	20							
4.76	4390.27705565428	4.76	20							
4.77	4633.99093306875	4.77	20							
4.78	4755.60426687617	4.78	20							
4.79	4798.67384799452	4.79	20							
4.8	4764.81482249823	4.8	20							
4.81	4612.3011679155	4.81	20							
4.82	4386.93638887269	4.82	20							
4.83	4123.3244269469	4.83	20							
4.84	3843.83435195031	4.84	20							
4.85	3975.67604138844	4.85	20							
4.86	4474.81298658384	4.86	20							
4.87	4763.26861259288	4.87	20							
4.88	4913.92552783344	4.88	20							
4.89	4975.55275901848	4.89	20							
4.9	4970.26186816397	4.9	20							
4.91	4841.89897999527	4.91	20							
4.92	4624.73420222442	4.92	20							
4.93	4359.28388249726	4.93	20							
4.94	4071.84037332893	4.94	20							
4.95	3510.55463863012	4.95	20							
4.96	4195.70257160395	4.96	20							
4.97	4606.68529756093	4.97	20							
4.98	4837.31713697819	4.98	20							
4.99	4950.45955021547	4.99	20							
5	4988.13656499522	5	20							
5.01	4942.0014617777	5.01	360.228158591224							
5.02	4774.82236123969	5.02	734.464158676724							
5.03	4535.74612131777	5.03	1001.05524322282							
5.04	4259.40541916153	5.04	1188.14628395205							
5.05	3968.15856187849	5.05	1316.5818659048							
5.06	3676.17507030015	5.06	1401.79851882567							
5.07	3392.18295092833	5.07	1455.22651365587							
5.08	3121.31416972159	5.08	1485.32833598941							
5.09	2866.34263050728	5.09	1498.36800327134							
5.1	2628.51306582506	5.1	1498.98098620184							
5.11	2408.09458585741	5.11	1490.59641416718							
5.12	2204.74903048595	5.12	1475.7498500492							
5.13	2017.77487142605	5.13	1456.31499689785							
5.14	1846.26759046473	5.14	1433.67534791083							
5.15	1689.22409696312	5.15	1408.85134537947							
5.16	1545.60973963238	5.16	1382.59457992331							
5.17	1414.40039577825	5.17	1355.45757262615							
5.18	1294.60802927284	5.18	1327.84546859505							
5.19	1185.2953514811	5.19	1300.05433022548							
5.2	1085.58336232593	5.2	1272.29950333656							
5.21	994.654298349483	5.21	1244.73662915884							
5.22	911.751673268645	5.22	1217.47720828515							
5.23	836.178530791294	5.23	1190.60012866527							
5.24	767.294649453284	5.24	1164.16020373826							
5.25	704.513184341406	5.25	1138.1944956665							
5.26	647.297059920957	5.26	1112.72699777845							
5.27	595.15531424283	5.27	1087.77210152725							
5.28	547.639518998559	5.28	1063.3371630402							
5.29	504.340349711494	5.29	1039.42440267071							
5.3	464.88434737008	5.3	1016.03231046793							
5.31	428.930891347735	5.31	993.156685661391							
5.32	396.169389693055	5.32	970.791405056844							
5.33	366.316684242155	5.33	948.928990643066							
5.34	339.114662775039	5.34	927.561028488172							
5.35	314.328067448779	5.35	906.678477505235							
5.36	291.742487215368	5.36	886.271896667058							
5.37	271.162521350242	5.37	866.331611841652							
5.38	252.410101232545	5.38	846.847837931992							
5.39	235.322957899028	5.39	827.810767937829							
5.4	219.753223488633	5.4	809.210637545521							
5.41	205.566155403952	5.41	791.037771620552							
5.42	192.638972774761	5.42	773.282617324485							
5.43	180.859795576321	5.43	755.935767353576							
5.44	170.126677505816	5.44	738.987975889162							
5.45	160.346724438762	5.45	722.43016917794							
5.46	151.43529096528	5.46	706.253452162426							
5.47	143.315248139613	5.47	690.449112213148							
5.48	135.916316164138	5.48	675.008620740901							
5.49	129.174456271915	5.49	659.923633265071							
5.5	123.031316571216	5.5	645.185988364122							
5.51	117.433727073815	5.51	630.787705823292							
5.52	112.333239548566	5.52	616.720984212338							
5.53	107.685708225875	5.53	602.978198065226							
5.54	103.450907729465	5.54	589.551894788548							
5.55	99.5921849323322	5.55	576.434791392088							
5.56	96.0761417261286	5.56	563.619771110148							
5.57	92.8723459599659	5.57	551.099879964013							
5.58	89.9530680479048	5.58	538.868323302291							
5.59	87.2930409661799	5.59	526.918462345944							
5.6	84.8692415633945	5.6	515.243810757287							
5.61	82.6606912912338	5.61	503.838031246857							
5.62	80.6482746312031	5.62	492.694932227898							
5.63	78.8145736460018	5.63	481.808464525333							
5.64	77.1437172236345	5.64	471.172718143766							
5.65	75.6212437095109	5.65	460.781919097534							
5.66	74.233975737629	5.66	450.630426304568							
5.67	72.9699061775106	5.67	440.712728544989							
5.68	71.8180942097539	5.68	431.023441484712							
5.69	70.7685706307293	5.69	421.557304763855							
5.7	69.8122515668169	5.7	412.309179149446							
5.71	68.9408598513698	5.71	403.274043751643							
5.72	68.1468533839072	5.72	394.446993302563							
5.73	67.4233598514709	5.73	385.823235496643							
5.74	66.7641172471471	5.74	377.398088391429							
5.75	66.1634196709274	5.75	369.166977867605							
5.76	65.6160679438044	5.76	361.125435147065							
5.77	65.1173246076551	5.77	353.269094367803							
5.78	64.6628729214273	5.78	345.593690214408							
5.79	64.2487794987292	5.79	338.095055602936							
5.8	63.8714602634455	5.8	330.769119418979							
5.81	63.5276494287144	5.81	323.611904307707							
5.82	63.2143712307734	5.82	316.619524514744							
5.83	62.9289141730233	5.83	309.788183776711							
5.84	62.6688075573866	5.84	303.114173260304							
5.85	62.4318000998335	5.85	296.593869548814							
5.86	62.215840444989	5.86	290.223732674995							
5.87	62.019059411168	5.87	284.00030419921							
5.88	61.8397538121686	5.88	277.920205331836							
5.89	61.6763717157934	5.89	271.980135098901							
5.9	61.5274990115114	5.9	266.176868549955							
5.91	61.3918471709982	5.91	260.507255007215							
5.92	61.2682420956192	5.92	254.968216355028							
5.93	61.1556139543303	5.93	249.556745368727							
5.94	61.0529879240373	5.94	244.269904081966							
5.95	60.9594757522731	5.95	239.104822191668							
5.96	60.8742680691631	5.96	234.058695499694							
5.97	60.7966273821379	5.97	229.128784390405							
5.98	60.7258816927619	5.98	224.312412343291							
5.99	60.6614186804287	5.99	219.606964479847							
6	60.602680402581	6	215.009886143919							
6.01	60.5491584655877	6.01	210.518681514746							
6.02	60.5003896244761	6.02	206.130912251942							
6.03	60.4559517734383	6.03	201.844196171687							
6.04	60.4154602924055	6.04	197.656205953402							
6.05	60.378564718071	6.05	193.564667876219							
6.06	60.3449457105477	6.06	189.567360584539							
6.07	60.3143122894061	6.07	185.662113882028							
6.08	60.2863993151701	6.08	181.846807553388							
6.09	60.2609651944722	6.09	178.119370213256							
6.1	60.2377897890066	6.1	174.477778181627							
6.11	60.2166725101796	6.11	170.920054385159							
6.12	60.1974305829685	6.12	167.4442672838							
6.13	60.1798974639606	6.13	164.04852982212							
6.14	60.1639213998806	6.14	160.730998404805							
6.15	60.1493641141307	6.15	157.489871895742							
6.16	60.1360996099734	6.16	154.323390640154							
6.17	60.1240130800006	6.17	151.229835509259							
6.18	60.1129999124482	6.18	148.207526966932							
6.19	60.1029647857569	6.19	145.254824157855							
6.2	60.093820843541	6.2	142.37012401668							
6.21	60.0854889428269	6.21	139.551860397693							
6.22	60.0778969690511	6.22	136.79850322454							
6.23	60.0709792118921	6.23	134.108557659519							
6.24	60.0646757965322	6.24	131.480563292013							
6.25	60.0589321654266	6.25	128.913093345614							
6.26	60.0536986060951	6.26	126.404753903501							
6.27	60.0489298208488	6.27	123.954183151668							
6.28	60.0445845347281	6.28	121.560050639571							
6.29	60.040625138258	6.29	119.221056557805							
6.3	60.0370173619293	6.3	116.935931032427							
6.31	60.0337299795881	6.31	114.703433435513							
6.32	60.0307345381658	6.32	112.522351711611							
6.33	60.0280051114113	6.33	110.391501719693							
6.34	60.025518075493	6.34	108.309726590272							
6.35	60.0232519045293	6.35	106.275896097315							
6.36	60.0211869842766	6.36	104.288906044634							
6.37	60.0193054423637	6.37	102.347677666395							
6.38	60.0175909936022	6.38	100.451157041446							
6.39	60.016028799034	6.39	98.5983145211232							
6.4	60.0146053374974	6.4	96.7881441702432							
6.41	60.0133082885972	6.41	95.0196632209636							
6.42	60.0121264260699	6.42	93.291911539226							
6.43	60.0110495206167	6.43	91.6039511034842							
6.44	60.0100682513673	6.44	89.9548654954389							
6.45	60.0091741252053	6.45	88.3437594025006							
6.46	60.0083594032579	6.46	86.7697581317119							
6.47	60.007617033915	6.47	85.2320071348634							
6.48	60.0069405917949	6.48	83.7296715445473							
6.49	60.0063242221317	6.49	82.2619357208959							
6.5	60.0057625901008	6.5	80.8280028087584							
6.51	60.0052508346447	6.51	79.4270943050768							
6.52	60.0047845263994	6.52	78.0584496362257							
6.53	60.0043596293571	6.53	76.7213257450853							
6.54	60.0039724659339	6.54	75.4149966876246							
6.55	60.0036196851391	6.55	74.1387532387768							
6.56	60.0032982335719	6.56	72.8919025073896							
6.57	60.0030053289932	6.57	71.6737675600456							
6.58	60.0027384362448	6.58	70.483687053544							
6.59	60.0024952453073	6.59	69.3210148758488							
6.6	60.0022736513056	6.6	68.1851197953048							
6.61	60.0020717362916	6.61	67.075385117933							
6.62	60.0018877526433	6.62	65.9912083526177							
6.63	60.0017201079387	6.63	64.932000884006							
6.64	60.0015673511736	6.64	63.8971876529398							
6.65	60.001428160202	6.65	62.8862068442481							
6.66	60.0013013302935	6.66	61.8985095817284							
6.67	60.0011857637051	6.67	60.9335596301549							
6.68	60.001080460181	6.68	59.990833104148							
6.69	60.0009845082943	6.69	59.0698181837495							
6.7	60.0008970775587	6.7	58.170014836548							
6.71	60.0008174112408	6.71	57.290934546204							
6.72	60.0007448198097	6.72	56.4321000472274							
6.73	60.0006786749695	6.73	55.593045065863							
6.74	60.000618404221	6.74	54.7733140669437							
6.75	60.0005634859067	6.75	53.972462006574							
6.76	60.0005134446957	6.76	53.1900540905088							
6.77	60.0004678474695	6.77	52.4256655380977							
6.78	60.0004262995733	6.78	51.6788813516653							
6.79	60.0003884414004	6.79	50.9492960912024							
6.8	60.0003539452793	6.8	50.2365136542475							
6.81	60.0003225126379	6.81	49.5401470608367							
6.82	60.0002938714195	6.82	48.8598182434065							
6.83	60.0002677737273	6.83	48.1951578415353							
6.84	60.0002439936799	6.84	47.5458050014128							
6.85	60.0002223254552	6.85	46.9114071799265							
6.86	60.0002025815098	6.86	46.2916199532618							
6.87	60.000184590955	6.87	45.6861068299083							
6.88	60.0001681980784	6.88	45.0945390679744							
6.89	60.0001532609958	6.89	44.516595496708							
6.9	60.0001396504232	6.9	43.9519623421289							
6.91	60.0001272485579	6.91	43.4003330566756							
6.92	60.0001159480589	6.92	42.8614081527766							
6.93	60.0001056511177	6.93	42.3348950402543							
6.94	60.0000962686117	6.94	41.8205078674731							
6.95	60.0000877193333	6.95	41.3179673661467							
6.96	60.0000799292863	6.96	40.8270006997195							
6.97	60.0000728310462	6.97	40.3473413152392							
6.98	60.0000663631759	6.98	39.8787287986414							
6.99	60.0000604696945	6.99	39.4209087333674							
7	60.0000550995926	7	38.9736325622372							
7.01	60.0000502063907	7.01	38.5366574525047							
7.02	60.0000457477369	7.02	38.1097461640199							
7.03	60.0000416850405	7.03	37.6926669204279							
7.04	60.0000379831379	7.04	37.2851932833342							
7.05	60.0000346099884	7.05	36.8871040293678							
7.06	60.0000315363965	7.06	36.4981830300762							
7.07	60.0000287357595	7.07	36.1182191345856							
7.08	60.0000261838373	7.08	35.7470060549645							
7.09	60.0000238585424	7.09	35.3843422542265							
7.1	60.0000217397487	7.1	35.0300308369135							
7.11	60.0000198091177	7.11	34.6838794421977							
7.12	60.0000180499393	7.12	34.3457001394466							
7.13	60.0000164469874	7.13	34.0153093261924							
7.14	60.000014986388	7.14	33.6925276284516							
7.15	60.0000136554993	7.15	33.3771798033406							
7.16	60.0000124428022	7.16	33.0690946439331							
7.17	60.0000113378005	7.17	32.76810488631							
7.18	60.0000103309302	7.18	32.4740471187491							
7.19	60.0000094134764	7.19	32.1867616930066							
7.2	60.0000085774985	7.2	31.9060926376417							
7.21	60.0000078157609	7.21	31.6318875733371							
7.22	60.0000071216705	7.22	31.3639976301709							
7.23	60.0000064892199	7.23	31.1022773667919							
7.24	60.000005912935	7.24	30.8465846914584							
7.25	60.0000053878279	7.25	30.5967807848935							
7.26	60.0000049093538	7.26	30.3527300249191							
7.27	60.0000044733713	7.27	30.1142999128237							
7.28	60.0000040761068	7.28	29.8813610014278							
7.29	60.000003714122	7.29	29.6537868248044							
7.3	60.0000033842839	7.3	29.4314538296194							
7.31	60.0000030837375	7.31	29.2142413080521							
7.32	60.0000028098815	7.32	29.0020313322617							
7.33	60.0000025603458	7.33	28.7947086903624							
7.34	60.0000023329704	7.34	28.5921608238729							
7.35	60.0000021257875	7.35	28.3942777666072							
7.36	60.0000019370038	7.36	28.2009520849721							
7.37	60.0000017649852	7.37	28.01207881964							
7.38	60.0000016082431	7.38	27.8275554285648							
7.39	60.0000014654206	7.39	27.6472817313108							
7.4	60.0000013352818	7.4	27.4711598546626							
7.41	60.0000012167001	7.41	27.2990941794888							
7.42	60.0000011086492	7.42	27.1309912888289							
7.43	60.0000010101939	7.43	26.9667599171759							
7.44	60.0000009204821	7.44	26.8063109009265							
7.45	60.0000008387374	7.45	26.6495571299736							
7.46	60.000000764252	7.46	26.4964135004123							
7.47	60.0000006963815	7.47	26.3467968683363							
7.48	60.0000006345383	7.48	26.2006260046973							
7.49	60.0000005781872	7.49	26.057821551205							
7.5	60.0000005268404	7.5	25.9183059772423							
7.51	60.0000004800535	7.51	25.7820035377726							
7.52	60.0000004374217	7.52	25.6488402322166							
7.53	60.0000003985758	7.53	25.5187437642768							
7.54	60.0000003631796	7.54	25.3916435026864							
7.55	60.0000003309269	7.55	25.2674704428627							
7.56	60.0000003015385	7.56	25.1461571694432							
7.57	60.0000002747599	7.57	25.0276378196855							
7.58	60.0000002503594	7.58	24.9118480477087							
7.59	60.0000002281259	7.59	24.7987249895597							
7.6	60.0000002078668	7.6	24.6882072290828							
7.61	60.0000001894069	7.61	24.5802347645768							
7.62	60.0000001725863	7.62	24.4747489762183							
7.63	60.0000001572596	7.63	24.3716925942369							
7.64	60.0000001432939	7.64	24.2710096678222							
7.65	60.0000001305685	7.65	24.1726455347473							
7.66	60.0000001189731	7.66	24.0765467916922							
7.67	60.0000001084075	7.67	23.9826612652499							
7.68	60.0000000987802	7.68	23.8909379836009							
7.69	60.0000000900079	7.69	23.8013271488401							
7.7	60.0000000820146	7.7	23.7137801099405							
7.71	60.0000000747312	7.71	23.6282493363398							
7.72	60.0000000680946	7.72	23.5446883921356							
7.73	60.0000000620473	7.73	23.4630519108745							
7.74	60.0000000565371	7.74	23.3832955709222							
7.75	60.0000000515163	7.75	23.3053760714004							
7.76	60.0000000469413	7.76	23.2292511086781							
7.77	60.0000000427726	7.77	23.1548793534045							
7.78	60.0000000389741	7.78	23.0822204280709							
7.79	60.000000035513	7.79	23.0112348850887							
7.8	60.0000000323592	7.8	22.9418841853729							
7.81	60.0000000294855	7.81	22.8741306774188							
7.82	60.000000026867	7.82	22.8079375768604							
7.83	60.000000024481	7.83	22.7432689464995							
7.84	60.0000000223069	7.84	22.680089676795							
7.85	60.0000000203259	7.85	22.6183654668016							
7.86	60.0000000185209	7.86	22.5580628055467							
7.87	60.0000000168761	7.87	22.4991489538375							
7.88	60.0000000153774	7.88	22.441591926486							
7.89	60.0000000140118	7.89	22.3853604749441							
7.9	60.0000000127674	7.9	22.3304240703378							
7.91	60.0000000116336	7.91	22.2767528868931							
7.92	60.0000000106005	7.92	22.2243177857431							
7.93	60.0000000096591	7.93	22.1730902991078							
7.94	60.0000000088013	7.94	22.1230426148388							
7.95	60.0000000080197	7.95	22.0741475613195							
7.96	60.0000000073075	7.96	22.0263785927134							
7.97	60.0000000066585	7.97	21.9797097745519							
7.98	60.0000000060672	7.98	21.934115769654							
7.99	60.0000000055284	7.99	21.8895718243706							
8	60.0000000050374	8	21.8460537551452							
8.01	60.0000000045901	8.01	21.8035379353842							
8.02	60.0000000041825	8.02	21.7620012826301							
8.03	60.000000003811	8.03	21.7214212460293							
8.04	60.0000000034726	8.04	21.681775794089							
8.05	60.0000000031642	8.05	21.643043402716							
8.06	60.0000000028832	8.06	21.6052030435311							
8.07	60.0000000026272	8.07	21.5682341724523							
8.08	60.0000000023938	8.08	21.5321167185412							
8.09	60.0000000021812	8.09	21.496831073106							
8.1	60.0000000019875	8.1	21.4623580790562							
8.11	60.000000001811	8.11	21.4286790205013							
8.12	60.0000000016502	8.12	21.3957756125899							
8.13	60.0000000015037	8.13	21.3636299915828							
8.14	60.0000000013701	8.14	21.3322247051543							
8.15	60.0000000012484	8.15	21.301542702917							
8.16	60.0000000011376	8.16	21.2715673271653							
8.17	60.0000000010366	8.17	21.242282303831							
8.18	60.0000000009445	8.18	21.2136717336487							
8.19	60.0000000008606	8.19	21.1857200835232							
8.2	60.0000000007842	8.2	21.1584121780965							
8.21	60.0000000007146	8.21	21.1317331915093							
8.22	60.0000000006511	8.22	21.1056686393512							
8.23	60.0000000005933	8.23	21.0802043707972							
8.24	60.0000000005406	8.24	21.0553265609253							
8.25	60.0000000004926	8.25	21.0310217032102							
8.26	60.0000000004488	8.26	21.0072766021907							
8.27	60.000000000409	8.27	20.9840783663058							
8.28	60.0000000003727	8.28	20.9614144008953							
8.29	60.0000000003396	8.29	20.9392724013624							
8.3	60.0000000003094	8.3	20.9176403464933							
8.31	60.0000000002819	8.31	20.8965064919302							
8.32	60.0000000002569	8.32	20.8758593637958							
8.33	60.0000000002341	8.33	20.8556877524636							
8.34	60.0000000002133	8.34	20.8359807064721							
8.35	60.0000000001944	8.35	20.8167275265791							
8.36	60.0000000001771	8.36	20.7979177599528							
8.37	60.0000000001614	8.37	20.7795411944971							
8.38	60.000000000147	8.38	20.7615878533069							
8.39	60.000000000134	8.39	20.744047989252							
8.4	60.0000000001221	8.4	20.7269120796847							
8.41	60.0000000001112	8.41	20.7101708212702							
8.42	60.0000000001014	8.42	20.6938151249356							
8.43	60.0000000000924	8.43	20.677836110935							
8.44	60.0000000000842	8.44	20.6622251040293							
8.45	60.0000000000767	8.45	20.6469736287753							
8.46	60.0000000000699	8.46	20.6320734049251							
8.47	60.0000000000637	8.47	20.6175163429303							
8.48	60.000000000058	8.48	20.6032945395498							
8.49	60.0000000000529	8.49	20.5894002735596							
8.5	60.0000000000482	8.5	20.5758260015602							
8.51	60.0000000000439	8.51	20.5625643538819							
8.52	60.00000000004	8.52	20.5496081305829							
8.53	60.0000000000364	8.53	20.536950297541							
8.54	60.0000000000332	8.54	20.5245839826343							
8.55	60.0000000000303	8.55	20.5125024720104							
8.56	60.0000000000276	8.56	20.5006992064411							
8.57	60.0000000000251	8.57	20.4891677777619							
8.58	60.0000000000229	8.58	20.4779019253921							
8.59	60.0000000000209	8.59	20.4668955329364							
8.6	60.000000000019	8.6	20.4561426248642							
8.61	60.0000000000173	8.61	20.4456373632649							
8.62	60.0000000000158	8.62	20.4353740446793							
8.63	60.0000000000144	8.63	20.4253470970021							
8.64	60.0000000000131	8.64	20.4155510764574							
8.65	60.0000000000119	8.65	20.405980664643							
8.66	60.0000000000109	8.66	20.3966306656431							
8.67	60.0000000000099	8.67	20.387496003207							
8.68	60.000000000009	8.68	20.3785717179935							
8.69	60.0000000000082	8.69	20.3698529648781							
8.7	60.0000000000075	8.7	20.3613350103229							
8.71	60.0000000000068	8.71	20.3530132298063							
8.72	60.0000000000062	8.72	20.3448831053124							
8.73	60.0000000000057	8.73	20.3369402228784							
8.74	60.0000000000052	8.74	20.3291802701976							
8.75	60.0000000000047	8.75	20.3215990342788							
8.76	60.0000000000043	8.76	20.3141923991585							
8.77	60.0000000000039	8.77	20.3069563436668							
8.78	60.0000000000036	8.78	20.2998869392438							
8.79	60.0000000000033	8.79	20.2929803478068							
8.8	60.000000000003	8.8	20.2862328196667							
8.81	60.0000000000027	8.81	20.2796406914924							
8.82	60.0000000000025	8.82	20.2732003843214							
8.83	60.0000000000022	8.83	20.2669084016172							
8.84	60.000000000002	8.84	20.2607613273707							
8.85	60.0000000000019	8.85	20.2547558242459							
8.86	60.0000000000017	8.86	20.2488886317676							
8.87	60.0000000000015	8.87	20.2431565645516							
8.88	60.0000000000014	8.88	20.2375565105752							
8.89	60.0000000000013	8.89	20.2320854294875							
8.9	60.0000000000012	8.9	20.2267403509589							
8.91	60.0000000000011	8.91	20.2215183730685							
8.92	60.000000000001	8.92	20.2164166607284							
8.93	60.0000000000009	8.93	20.2114324441447							
8.94	60.0000000000008	8.94	20.2065630173137							
8.95	60.0000000000007	8.95	20.2018057365525							
8.96	60.0000000000007	8.96	20.1971580190643							
8.97	60.0000000000006	8.97	20.1926173415355							
8.98	60.0000000000006	8.98	20.1881812387661							
8.99	60.0000000000005	8.99	20.1838473023315							
9	60.0000000000005	9	20.1796131792743							
9.01	60.0000000000004	9.01	20.1754765708275							
9.02	60.0000000000004	9.02	20.1714352311662							
9.03	60.0000000000004	9.03	20.1674869661882							
9.04	60.0000000000003	9.04	20.163629632323							
9.05	60.0000000000003	9.05	20.1598611353678							
9.06	60.0000000000003	9.06	20.1561794293508							
9.07	60.0000000000002	9.07	20.1525825154201							
9.08	60.0000000000002	9.08	20.1490684407588							
9.09	60.0000000000002	9.09	20.1456352975247							
9.1	60.0000000000002	9.1	20.1422812218142							
9.11	60.0000000000002	9.11	20.1390043926508							
9.12	60.0000000000002	9.12	20.1358030309963							
9.13	60.0000000000001	9.13	20.1326753987847							
9.14	60.0000000000001	9.14	20.1296197979791							
9.15	60.0000000000001	9.15	20.1266345696492							
9.16	60.0000000000001	9.16	20.1237180930712							
9.17	60.0000000000001	9.17	20.1208687848473							
9.18	60.0000000000001	9.18	20.1180850980468							
9.19	60.0000000000001	9.19	20.1153655213655							
9.2	60.0000000000001	9.2	20.1127085783055							
9.21	60.0000000000001	9.21	20.1101128263739							
9.22	60.0000000000001	9.22	20.1075768562991							
9.23	60.0000000000001	9.23	20.1050992912661							
9.24	60.0000000000001	9.24	20.1026787861687							
9.25	60	9.25	20.1003140268794							
9.26	60	9.26	20.098003729536							
9.27	60	9.27	20.0957466398444							
9.28	60	9.28	20.0935415323977							
9.29	60	9.29	20.0913872100111							
9.3	60	9.3	20.0892825030716							
9.31	60	9.31	20.087226268903							
9.32	60	9.32	20.0852173911459							
9.33	60	9.33	20.0832547791513							
9.34	60	9.34	20.0813373673886							
9.35	60	9.35	20.0794641148671							
9.36	60	9.36	20.0776340045706							
9.37	60	9.37	20.0758460429057							
9.38	60	9.38	20.0740992591618							
9.39	60	9.39	20.0723927049847							
9.4	60	9.4	20.0707254538613							
9.41	60	9.41	20.0690966006167							
9.42	60	9.42	20.0675052609226							
9.43	60	9.43	20.0659505708177							
9.44	60	9.44	20.064431686238							
9.45	60	9.45	20.0629477825589							
9.46	60	9.46	20.0614980541476							
9.47	60	9.47	20.0600817139254							
9.48	60	9.48	20.0586979929405							
9.49	60	9.49	20.0573461399508							
9.5	60	9.5	20.0560254210154							
9.51	60	9.51	20.0547351190969							
9.52	60	9.52	20.0534745336715							
9.53	60	9.53	20.0522429803492							
9.54	60	9.54	20.0510397905016							
9.55	60	9.55	20.0498643108995							
9.56	60	9.56	20.0487159033578							
9.57	60	9.57	20.0475939443895							
9.58	60	9.58	20.0464978248666							
9.59	60	9.59	20.0454269496898							
9.6	60	9.6	20.0443807374655							
9.61	60	9.61	20.0433586201899							
9.62	60	9.62	20.0423600429405							
9.63	60	9.63	20.0413844635752							
9.64	60	9.64	20.0404313524378							
9.65	60	9.65	20.0395001920704							
9.66	60	9.66	20.0385904769324							
9.67	60	9.67	20.0377017131262							
9.68	60	9.68	20.0368334181291							
9.69	60	9.69	20.0359851205311							
9.7	60	9.7	20.035156359779							
9.71	60	9.71	20.0343466859265							
9.72	60	9.72	20.0335556593899							
9.73	60	9.73	20.0327828507095							
9.74	60	9.74	20.032027840316							
9.75	60	9.75	20.0312902183034							
9.76	60	9.76	20.030569584206							
9.77	60	9.77	20.0298655467809							
9.78	60	9.78	20.0291777237961							
9.79	60	9.79	20.0285057418224							
9.8	60	9.8	20.027849236031							
9.81	60	9.81	20.0272078499954							
9.82	60	9.82	20.0265812354977							
9.83	60	9.83	20.0259690523398							
9.84	60	9.84	20.0253709681586							
9.85	60	9.85	20.0247866582454							
9.86	60	9.86	20.0242158053699							
9.87	60	9.87	20.0236580996078							
9.88	60	9.88	20.0231132381724							
9.89	60	9.89	20.0225809252506							
9.9	60	9.9	20.0220608718419							
9.91	60	9.91	20.0215527956018							
9.92	60	9.92	20.0210564206882							
9.93	60	9.93	20.020571477612							
9.94	60	9.94	20.0200977030906							
9.95	60	9.95	20.0196348399048							
9.96	60	9.96	20.0191826367596							
9.97	60	9.97	20.0187408481471							
9.98	60	9.98	20.018309234214							
9.99	60	9.99	20.0178875606307							
10	60	10	20							
10.01	60	10.01	20							
10.02	60	10.02	20							
10.03	60	10.03	20							
10.04	60	10.04	20							
10.05	60	10.05	20							
10.06	60	10.06	20							
10.07	60	10.07	20							
10.08	60	10.08	20							
10.09	60	10.09	20							
10.1	60	10.1	20							
10.11	60	10.11	20							
10.12	60	10.12	20							
10.13	60	10.13	20							
10.14	60	10.14	20							
10.15	60	10.15	20							
10.16	60	10.16	20							
10.17	60	10.17	20							
10.18	60	10.18	20							
10.19	60	10.19	20							
10.2	60	10.2	20							
10.21	60	10.21	20							
10.22	60	10.22	20							
10.23	60	10.23	20							
10.24	60	10.24	20							
10.25	60	10.25	20							
10.26	60	10.26	20							
10.27	60	10.27	20							
10.28	60	10.28	20							
10.29	60	10.29	20							
10.3	60	10.3	20							
10.31	60	10.31	20							
10.32	60	10.32	20							
10.33	60	10.33	20							
10.34	60	10.34	20							
10.35	60	10.35	20							
10.36	60	10.36	20							
10.37	60	10.37	20							
10.38	60	10.38	20							
10.39	60	10.39	20							
10.4	60	10.4	20							
10.41	60	10.41	20							
10.42	60	10.42	20							
10.43	60	10.43	20							
10.44	60	10.44	20							
10.45	60	10.45	20							
10.46	60	10.46	20							
10.47	60	10.47	20							
10.48	60	10.48	20							
10.49	60	10.49	20							
10.5	60	10.5	20							
10.51	60	10.51	20							
10.52	60	10.52	20							
10.53	60	10.53	20							
10.54	60	10.54	20							
10.55	60	10.55	20							
10.56	60	10.56	20							
10.57	60	10.57	20							
10.58	60	10.58	20							
10.59	60	10.59	20							
10.6	60	10.6	20							
10.61	60	10.61	20							
10.62	60	10.62	20							
10.63	60	10.63	20							
10.64	60	10.64	20							
10.65	60	10.65	20							
10.66	60	10.66	20							
10.67	60	10.67	20							
10.68	60	10.68	20							
10.69	60	10.69	20							
10.7	60	10.7	20							
10.71	60	10.71	20							
10.72	60	10.72	20							
10.73	60	10.73	20							
10.74	60	10.74	20							
10.75	60	10.75	20							
10.76	60	10.76	20							
10.77	60	10.77	20							
10.78	60	10.78	20							
10.79	60	10.79	20							
10.8	60	10.8	20							
10.81	60	10.81	20							
10.82	60	10.82	20							
10.83	60	10.83	20							
10.84	60	10.84	20							
10.85	60	10.85	20							
10.86	60	10.86	20							
10.87	60	10.87	20							
10.88	60	10.88	20							
10.89	60	10.89	20							
10.9	60	10.9	20							
10.91	60	10.91	20							
10.92	60	10.92	20							
10.93	60	10.93	20							
10.94	60	10.94	20							
10.95	60	10.95	20							
10.96	60	10.96	20							
10.97	60	10.97	20							
10.98	60	10.98	20							
10.99	60	10.99	20							
11	60	11	20							
11.01	60	11.01	20							
11.02	60	11.02	20							
11.03	60	11.03	20							
11.04	60	11.04	20							
11.05	60	11.05	20							
11.06	60	11.06	20							
11.07	60	11.07	20							
11.08	60	11.08	20							
11.09	60	11.09	20							
11.1	60	11.1	20							
11.11	60	11.11	20							
11.12	60	11.12	20							
11.13	60	11.13	20							
11.14	60	11.14	20							
11.15	60	11.15	20							
11.16	60	11.16	20							
11.17	60	11.17	20							
11.18	60	11.18	20							
11.19	60	11.19	20							
11.2	60	11.2	20							
11.21	60	11.21	20							
11.22	60	11.22	20							
11.23	60	11.23	20							
11.24	60	11.24	20							
11.25	60	11.25	20							
11.26	60	11.26	20							
11.27	60	11.27	20							
11.28	60	11.28	20							
11.29	60	11.29	20							
11.3	60	11.3	20							
11.31	60	11.31	20							
11.32	60	11.32	20							
11.33	60	11.33	20							
11.34	60	11.34	20							
11.35	60	11.35	20							
11.36	60	11.36	20							
11.37	60	11.37	20							
11.38	60	11.38	20							
11.39	60	11.39	20							
11.4	60	11.4	20							
11.41	60	11.41	20							
11.42	60	11.42	20							
11.43	60	11.43	20							
11.44	60	11.44	20							
11.45	60	11.45	20							
11.46	60	11.46	20							
11.47	60	11.47	20							
11.48	60	11.48	20							
11.49	60	11.49	20							
11.5	60	11.5	20							
11.51	60	11.51	20							
11.52	60	11.52	20							
11.53	60	11.53	20							
11.54	60	11.54	20							
11.55	60	11.55	20							
11.56	60	11.56	20							
11.57	60	11.57	20							
11.58	60	11.58	20							
11.59	60	11.59	20							
11.6	60	11.6	20							
11.61	60	11.61	20							
11.62	60	11.62	20							
11.63	60	11.63	20							
11.64	60	11.64	20							
11.65	60	11.65	20							
11.66	60	11.66	20							
11.67	60	11.67	20							
11.68	60	11.68	20							
11.69	60	11.69	20							
11.7	60	11.7	20							
11.71	60	11.71	20							
11.72	60	11.72	20							
11.73	60	11.73	20							
11.74	60	11.74	20							
11.75	60	11.75	20							
11.76	60	11.76	20							
11.77	60	11.77	20							
11.78	60	11.78	20							
11.79	60	11.79	20							
11.8	60	11.8	20							
11.81	60	11.81	20							
11.82	60	11.82	20							
11.83	60	11.83	20							
11.84	60	11.84	20							
11.85	60	11.85	20							
11.86	60	11.86	20							
11.87	60	11.87	20							
11.88	60	11.88	20							
11.89	60	11.89	20							
11.9	60	11.9	20							
11.91	60	11.91	20							
11.92	60	11.92	20							
11.93	60	11.93	20							
11.94	60	11.94	20							
11.95	60	11.95	20							
11.96	60	11.96	20							
11.97	60	11.97	20							
11.98	60	11.98	20							
11.99	60	11.99	20							
12	60	12	20							
12.01	60	12.01	20							
12.02	60	12.02	20							
12.03	60	12.03	20							
12.04	60	12.04	20							
12.05	60	12.05	20							
12.06	60	12.06	20							
12.07	60	12.07	20							
12.08	60	12.08	20							
12.09	60	12.09	20							
12.1	60	12.1	20							
12.11	60	12.11	20							
12.12	60	12.12	20							
12.13	60	12.13	20							
12.14	60	12.14	20							
12.15	60	12.15	20							
12.16	60	12.16	20							
12.17	60	12.17	20							
12.18	60	12.18	20							
12.19	60	12.19	20							
12.2	60	12.2	20							
12.21	60	12.21	20							
12.22	60	12.22	20							
12.23	60	12.23	20							
12.24	60	12.24	20							
12.25	60	12.25	20							
12.26	60	12.26	20							
12.27	60	12.27	20							
12.28	60	12.28	20							
12.29	60	12.29	20							
12.3	60	12.3	20							
12.31	60	12.31	20							
12.32	60	12.32	20							
12.33	60	12.33	20							
12.34	60	12.34	20							
12.35	60	12.35	20							
12.36	60	12.36	20							
12.37	60	12.37	20							
12.38	60	12.38	20							
12.39	60	12.39	20							
12.4	60	12.4	20							
12.41	60	12.41	20							
12.42	60	12.42	20							
12.43	60	12.43	20							
12.44	60	12.44	20							
12.45	60	12.45	20							
12.46	60	12.46	20							
12.47	60	12.47	20							
12.48	60	12.48	20							
12.49	60	12.49	20							
12.5	60	12.5	20							
12.51	60	12.51	20							
12.52	60	12.52	20							
12.53	60	12.53	20							
12.54	60	12.54	20							
12.55	60	12.55	20							
12.56	60	12.56	20							
12.57	60	12.57	20							
12.58	60	12.58	20							
12.59	60	12.59	20							
12.6	60	12.6	20							
12.61	60	12.61	20							
12.62	60	12.62	20							
12.63	60	12.63	20							
12.64	60	12.64	20							
12.65	60	12.65	20							
12.66	60	12.66	20							
12.67	60	12.67	20							
12.68	60	12.68	20							
12.69	60	12.69	20							
12.7	60	12.7	20							
12.71	60	12.71	20							
12.72	60	12.72	20							
12.73	60	12.73	20							
12.74	60	12.74	20							
12.75	60	12.75	20							
12.76	60	12.76	20							
12.77	60	12.77	20							
12.78	60	12.78	20							
12.79	60	12.79	20							
12.8	60	12.8	20							
12.81	60	12.81	20							
12.82	60	12.82	20							
12.83	60	12.83	20							
12.84	60	12.84	20							
12.85	60	12.85	20							
12.86	60	12.86	20							
12.87	60	12.87	20							
12.88	60	12.88	20							
12.89	60	12.89	20							
12.9	60	12.9	20							
12.91	60	12.91	20							
12.92	60	12.92	20							
12.93	60	12.93	20							
12.94	60	12.94	20							
12.95	60	12.95	20							
12.96	60	12.96	20							
12.97	60	12.97	20							
12.98	60	12.98	20							
12.99	60	12.99	20							
13	60	13	20							
13.01	60	13.01	20							
13.02	60	13.02	20							
13.03	60	13.03	20							
13.04	60	13.04	20							
13.05	60	13.05	20							
13.06	60	13.06	20							
13.07	60	13.07	20							
13.08	60	13.08	20							
13.09	60	13.09	20							
13.1	60	13.1	20							
13.11	60	13.11	20							
13.12	60	13.12	20							
13.13	60	13.13	20							
13.14	60	13.14	20							
13.15	60	13.15	20							
13.16	60	13.16	20							
13.17	60	13.17	20							
13.18	60	13.18	20							
13.19	60	13.19	20							
13.2	60	13.2	20							
13.21	60	13.21	20							
13.22	60	13.22	20							
13.23	60	13.23	20							
13.24	60	13.24	20							
13.25	60	13.25	20							
13.26	60	13.26	20							
13.27	60	13.27	20							
13.28	60	13.28	20							
13.29	60	13.29	20							
13.3	60	13.3	20							
13.31	60	13.31	20							
13.32	60	13.32	20							
13.33	60	13.33	20							
13.34	60	13.34	20							
13.35	60	13.35	20							
13.36	60	13.36	20							
13.37	60	13.37	20							
13.38	60	13.38	20							
13.39	60	13.39	20							
13.4	60	13.4	20							
13.41	60	13.41	20							
13.42	60	13.42	20							
13.43	60	13.43	20							
13.44	60	13.44	20							
13.45	60	13.45	20							
13.46	60	13.46	20							
13.47	60	13.47	20							
13.48	60	13.48	20							
13.49	60	13.49	20							
13.5	60	13.5	20							
13.51	60	13.51	20							
13.52	60	13.52	20							
13.53	60	13.53	20							
13.54	60	13.54	20							
13.55	60	13.55	20							
13.56	60	13.56	20							
13.57	60	13.57	20							
13.58	60	13.58	20							
13.59	60	13.59	20							
13.6	60	13.6	20							
13.61	60	13.61	20							
13.62	60	13.62	20							
13.63	60	13.63	20							
13.64	60	13.64	20							
13.65	60	13.65	20							
13.66	60	13.66	20							
13.67	60	13.67	20							
13.68	60	13.68	20							
13.69	60	13.69	20							
13.7	60	13.7	20							
13.71	60	13.71	20							
13.72	60	13.72	20							
13.73	60	13.73	20							
13.74	60	13.74	20							
13.75	60	13.75	20							
13.76	60	13.76	20							
13.77	60	13.77	20							
13.78	60	13.78	20							
13.79	60	13.79	20							
13.8	60	13.8	20							
13.81	60	13.81	20							
13.82	60	13.82	20							
13.83	60	13.83	20							
13.84	60	13.84	20							
13.85	60	13.85	20							
13.86	60	13.86	20							
13.87	60	13.87	20							
13.88	60	13.88	20							
13.89	60	13.89	20							
13.9	60	13.9	20							
13.91	60	13.91	20							
13.92	60	13.92	20							
13.93	60	13.93	20							
13.94	60	13.94	20							
13.95	60	13.95	20							
13.96	60	13.96	20							
13.97	60	13.97	20							
13.98	60	13.98	20							
13.99	60	13.99	20							
14	60	14	20							
14.01	60	14.01	20							
14.02	60	14.02	20							
14.03	60	14.03	20							
14.04	60	14.04	20							
14.05	60	14.05	20							
14.06	60	14.06	20							
14.07	60	14.07	20							
14.08	60	14.08	20							
14.09	60	14.09	20							
14.1	60	14.1	20							
14.11	60	14.11	20							
14.12	60	14.12	20							
14.13	60	14.13	20							
14.14	60	14.14	20							
14.15	60	14.15	20							
14.16	60	14.16	20							
14.17	60	14.17	20							
14.18	60	14.18	20							
14.19	60	14.19	20							
14.2	60	14.2	20							
14.21	60	14.21	20							
14.22	60	14.22	20							
14.23	60	14.23	20							
14.24	60	14.24	20							
14.25	60	14.25	20							
14.26	60	14.26	20							
14.27	60	14.27	20							
14.28	60	14.28	20							
14.29	60	14.29	20							
14.3	60	14.3	20							
14.31	60	14.31	20							
14.32	60	14.32	20							
14.33	60	14.33	20							
14.34	60	14.34	20							
14.35	60	14.35	20							
14.36	60	14.36	20							
14.37	60	14.37	20							
14.38	60	14.38	20							
14.39	60	14.39	20							
14.4	60	14.4	20							
14.41	60	14.41	20							
14.42	60	14.42	20							
14.43	60	14.43	20							
14.44	60	14.44	20							
14.45	60	14.45	20							
14.46	60	14.46	20							
14.47	60	14.47	20							
14.48	60	14.48	20							
14.49	60	14.49	20							
14.5	60	14.5	20							
14.51	60	14.51	20							
14.52	60	14.52	20							
14.53	60	14.53	20							
14.54	60	14.54	20							
14.55	60	14.55	20							
14.56	60	14.56	20							
14.57	60	14.57	20							
14.58	60	14.58	20							
14.59	60	14.59	20							
14.6	60	14.6	20							
14.61	60	14.61	20							
14.62	60	14.62	20							
14.63	60	14.63	20							
14.64	60	14.64	20							
14.65	60	14.65	20							
14.66	60	14.66	20							
14.67	60	14.67	20							
14.68	60	14.68	20							
14.69	60	14.69	20							
14.7	60	14.7	20							
14.71	60	14.71	20							
14.72	60	14.72	20							
14.73	60	14.73	20							
14.74	60	14.74	20							
14.75	60	14.75	20							
14.76	60	14.76	20							
14.77	60	14.77	20							
14.78	60	14.78	20							
14.79	60	14.79	20							
14.8	60	14.8	20							
14.81	60	14.81	20							
14.82	60	14.82	20							
14.83	60	14.83	20							
14.84	60	14.84	20							
14.85	60	14.85	20							
14.86	60	14.86	20							
14.87	60	14.87	20							
14.88	60	14.88	20							
14.89	60	14.89	20							
14.9	60	14.9	20							
14.91	60	14.91	20							
14.92	60	14.92	20							
14.93	60	14.93	20							
14.94	60	14.94	20							
14.95	60	14.95	20							
14.96	60	14.96	20							
14.97	60	14.97	20							
14.98	60	14.98	20							
14.99	60	14.99	20							
15	60	15	20							
15.01	60	15.01	20							
15.02	60	15.02	20							
15.03	60	15.03	20							
15.04	60	15.04	20							
15.05	60	15.05	20							
15.06	60	15.06	20							
15.07	60	15.07	20							
15.08	60	15.08	20							
15.09	60	15.09	20							
15.1	60	15.1	20							
15.11	60	15.11	20							
15.12	60	15.12	20							
15.13	60	15.13	20							
15.14	60	15.14	20							
15.15	60	15.15	20							
15.16	60	15.16	20							
15.17	60	15.17	20							
15.18	60	15.18	20							
15.19	60	15.19	20							
15.2	60	15.2	20							
15.21	60	15.21	20							
15.22	60	15.22	20							
15.23	60	15.23	20							
15.24	60	15.24	20							
15.25	60	15.25	20							
15.26	60	15.26	20							
15.27	60	15.27	20							
15.28	60	15.28	20							
15.29	60	15.29	20							
15.3	60	15.3	20							
15.31	60	15.31	20							
15.32	60	15.32	20							
15.33	60	15.33	20							
15.34	60	15.34	20							
15.35	60	15.35	20							
15.36	60	15.36	20							
15.37	60	15.37	20							
15.38	60	15.38	20							
15.39	60	15.39	20							
15.4	60	15.4	20							
15.41	60	15.41	20							
15.42	60	15.42	20							
15.43	60	15.43	20							
15.44	60	15.44	20							
15.45	60	15.45	20							
15.46	60	15.46	20							
15.47	60	15.47	20							
15.48	60	15.48	20							
15.49	60	15.49	20							
15.5	60	15.5	20							
15.51	60	15.51	20							
15.52	60	15.52	20							
15.53	60	15.53	20							
15.54	60	15.54	20							
15.55	60	15.55	20							
15.56	60	15.56	20							
15.57	60	15.57	20							
15.58	60	15.58	20							
15.59	60	15.59	20							
15.6	60	15.6	20							
15.61	60	15.61	20							
15.62	60	15.62	20							
15.63	60	15.63	20							
15.64	60	15.64	20							
15.65	60	15.65	20							
15.66	60	15.66	20							
15.67	60	15.67	20							
15.68	60	15.68	20							
15.69	60	15.69	20							
15.7	60	15.7	20							
15.71	60	15.71	20							
15.72	60	15.72	20							
15.73	60	15.73	20							
15.74	60	15.74	20							
15.75	60	15.75	20							
15.76	60	15.76	20							
15.77	60	15.77	20							
15.78	60	15.78	20							
15.79	60	15.79	20							
15.8	60	15.8	20							
15.81	60	15.81	20							
15.82	60	15.82	20							
15.83	60	15.83	20							
15.84	60	15.84	20							
15.85	60	15.85	20							
15.86	60	15.86	20							
15.87	60	15.87	20							
15.88	60	15.88	20							
15.89	60	15.89	20							
15.9	60	15.9	20							
15.91	60	15.91	20							
15.92	60	15.92	20							
15.93	60	15.93	20							
15.94	60	15.94	20							
15.95	60	15.95	20							
15.96	60	15.96	20							
15.97	60	15.97	20							
15.98	60	15.98	20							
15.99	60	15.99	20							
16	60	16	20							
16.01	60	16.01	20							
16.02	60	16.02	20							
16.03	60	16.03	20							
16.04	60	16.04	20							
16.05	60	16.05	20							
16.06	60	16.06	20							
16.07	60	16.07	20							
16.08	60	16.08	20							
16.09	60	16.09	20							
16.1	60	16.1	20							
16.11	60	16.11	20							
16.12	60	16.12	20							
16.13	60	16.13	20							
16.14	60	16.14	20							
16.15	60	16.15	20							
16.16	60	16.16	20							
16.17	60	16.17	20							
16.18	60	16.18	20							
16.19	60	16.19	20							
16.2	60	16.2	20							
16.21	60	16.21	20							
16.22	60	16.22	20							
16.23	60	16.23	20							
16.24	60	16.24	20							
16.25	60	16.25	20							
16.26	60	16.26	20							
16.27	60	16.27	20							
16.28	60	16.28	20							
16.29	60	16.29	20							
16.3	60	16.3	20							
16.31	60	16.31	20							
16.32	60	16.32	20							
16.33	60	16.33	20							
16.34	60	16.34	20							
16.35	60	16.35	20							
16.36	60	16.36	20							
16.37	60	16.37	20							
16.38	60	16.38	20							
16.39	60	16.39	20							
16.4	60	16.4	20							
16.41	60	16.41	20							
16.42	60	16.42	20							
16.43	60	16.43	20							
16.44	60	16.44	20							
16.45	60	16.45	20							
16.46	60	16.46	20							
16.47	60	16.47	20							
16.48	60	16.48	20							
16.49	60	16.49	20							
16.5	60	16.5	20							
16.51	60	16.51	20							
16.52	60	16.52	20							
16.53	60	16.53	20							
16.54	60	16.54	20							
16.55	60	16.55	20							
16.56	60	16.56	20							
16.57	60	16.57	20							
16.58	60	16.58	20							
16.59	60	16.59	20							
16.6	60	16.6	20							
16.61	60	16.61	20							
16.62	60	16.62	20							
16.63	60	16.63	20							
16.64	60	16.64	20							
16.65	60	16.65	20							
16.66	60	16.66	20							
16.67	60	16.67	20							
16.68	60	16.68	20							
16.69	60	16.69	20							
16.7	60	16.7	20							
16.71	60	16.71	20							
16.72	60	16.72	20							
16.73	60	16.73	20							
16.74	60	16.74	20							
16.75	60	16.75	20							
16.76	60	16.76	20							
16.77	60	16.77	20							
16.78	60	16.78	20							
16.79	60	16.79	20							
16.8	60	16.8	20							
16.81	60	16.81	20							
16.82	60	16.82	20							
16.83	60	16.83	20							
16.84	60	16.84	20							
16.85	60	16.85	20							
16.86	60	16.86	20							
16.87	60	16.87	20							
16.88	60	16.88	20							
16.89	60	16.89	20							
16.9	60	16.9	20							
16.91	60	16.91	20							
16.92	60	16.92	20							
16.93	60	16.93	20							
16.94	60	16.94	20							
16.95	60	16.95	20							
16.96	60	16.96	20							
16.97	60	16.97	20							
16.98	60	16.98	20							
16.99	60	16.99	20							
17	60	17	20							
17.01	60	17.01	20							
17.02	60	17.02	20							
17.03	60	17.03	20							
17.04	60	17.04	20							
17.05	60	17.05	20							
17.06	60	17.06	20							
17.07	60	17.07	20							
17.08	60	17.08	20							
17.09	60	17.09	20							
17.1	60	17.1	20							
17.11	60	17.11	20							
17.12	60	17.12	20							
17.13	60	17.13	20							
17.14	60	17.14	20							
17.15	60	17.15	20							
17.16	60	17.16	20							
17.17	60	17.17	20							
17.18	60	17.18	20							
17.19	60	17.19	20							
17.2	60	17.2	20							
17.21	60	17.21	20							
17.22	60	17.22	20							
17.23	60	17.23	20							
17.24	60	17.24	20							
17.25	60	17.25	20							
17.26	60	17.26	20							
17.27	60	17.27	20							
17.28	60	17.28	20							
17.29	60	17.29	20							
17.3	60	17.3	20							
17.31	60	17.31	20							
17.32	60	17.32	20							
17.33	60	17.33	20							
17.34	60	17.34	20							
17.35	60	17.35	20							
17.36	60	17.36	20							
17.37	60	17.37	20							
17.38	60	17.38	20							
17.39	60	17.39	20							
17.4	60	17.4	20							
17.41	60	17.41	20							
17.42	60	17.42	20							
17.43	60	17.43	20							
17.44	60	17.44	20							
17.45	60	17.45	20							
17.46	60	17.46	20							
17.47	60	17.47	20							
17.48	60	17.48	20							
17.49	60	17.49	20							
17.5	60	17.5	20							
17.51	60	17.51	20							
17.52	60	17.52	20							
17.53	60	17.53	20							
17.54	60	17.54	20							
17.55	60	17.55	20							
17.56	60	17.56	20							
17.57	60	17.57	20							
17.58	60	17.58	20							
17.59	60	17.59	20							
17.6	60	17.6	20							
17.61	60	17.61	20							
17.62	60	17.62	20							
17.63	60	17.63	20							
17.64	60	17.64	20							
17.65	60	17.65	20							
17.66	60	17.66	20							
17.67	60	17.67	20							
17.68	60	17.68	20							
17.69	60	17.69	20							
17.7	60	17.7	20							
17.71	60	17.71	20							
17.72	60	17.72	20							
17.73	60	17.73	20							
17.74	60	17.74	20							
17.75	60	17.75	20							
17.76	60	17.76	20							
17.77	60	17.77	20							
17.78	60	17.78	20							
17.79	60	17.79	20							
17.8	60	17.8	20							
17.81	60	17.81	20							
17.82	60	17.82	20							
17.83	60	17.83	20							
17.84	60	17.84	20							
17.85	60	17.85	20							
17.86	60	17.86	20							
17.87	60	17.87	20							
17.88	60	17.88	20							
17.89	60	17.89	20							
17.9	60	17.9	20							
17.91	60	17.91	20							
17.92	60	17.92	20							
17.93	60	17.93	20							
17.94	60	17.94	20							
17.95	60	17.95	20							
17.96	60	17.96	20							
17.97	60	17.97	20							
17.98	60	17.98	20							
17.99	60	17.99	20							
18	60	18	20							
18.01	60	18.01	20							
18.02	60	18.02	20							
18.03	60	18.03	20							
18.04	60	18.04	20							
18.05	60	18.05	20							
18.06	60	18.06	20							
18.07	60	18.07	20							
18.08	60	18.08	20							
18.09	60	18.09	20							
18.1	60	18.1	20							
18.11	60	18.11	20							
18.12	60	18.12	20							
18.13	60	18.13	20							
18.14	60	18.14	20							
18.15	60	18.15	20							
18.16	60	18.16	20							
18.17	60	18.17	20							
18.18	60	18.18	20							
18.19	60	18.19	20							
18.2	60	18.2	20							
18.21	60	18.21	20							
18.22	60	18.22	20							
18.23	60	18.23	20							
18.24	60	18.24	20							
18.25	60	18.25	20							
18.26	60	18.26	20							
18.27	60	18.27	20							
18.28	60	18.28	20							
18.29	60	18.29	20							
18.3	60	18.3	20							
18.31	60	18.31	20							
18.32	60	18.32	20							
18.33	60	18.33	20							
18.34	60	18.34	20							
18.35	60	18.35	20							
18.36	60	18.36	20							
18.37	60	18.37	20							
18.38	60	18.38	20							
18.39	60	18.39	20							
18.4	60	18.4	20							
18.41	60	18.41	20							
18.42	60	18.42	20							
18.43	60	18.43	20							
18.44	60	18.44	20							
18.45	60	18.45	20							
18.46	60	18.46	20							
18.47	60	18.47	20							
18.48	60	18.48	20							
18.49	60	18.49	20							
18.5	60	18.5	20							
18.51	60	18.51	20							
18.52	60	18.52	20							
18.53	60	18.53	20							
18.54	60	18.54	20							
18.55	60	18.55	20							
18.56	60	18.56	20							
18.57	60	18.57	20							
18.58	60	18.58	20							
18.59	60	18.59	20							
18.6	60	18.6	20							
18.61	60	18.61	20							
18.62	60	18.62	20							
18.63	60	18.63	20							
18.64	60	18.64	20							
18.65	60	18.65	20							
18.66	60	18.66	20							
18.67	60	18.67	20							
18.68	60	18.68	20							
18.69	60	18.69	20							
18.7	60	18.7	20							
18.71	60	18.71	20							
18.72	60	18.72	20							
18.73	60	18.73	20							
18.74	60	18.74	20							
18.75	60	18.75	20							
18.76	60	18.76	20							
18.77	60	18.77	20							
18.78	60	18.78	20							
18.79	60	18.79	20							
18.8	60	18.8	20							
18.81	60	18.81	20							
18.82	60	18.82	20							
18.83	60	18.83	20							
18.84	60	18.84	20							
18.85	60	18.85	20							
18.86	60	18.86	20							
18.87	60	18.87	20							
18.88	60	18.88	20							
18.89	60	18.89	20							
18.9	60	18.9	20							
18.91	60	18.91	20							
18.92	60	18.92	20							
18.93	60	18.93	20							
18.94	60	18.94	20							
18.95	60	18.95	20							
18.96	60	18.96	20							
18.97	60	18.97	20							
18.98	60	18.98	20							
18.99	60	18.99	20							
19	60	19	20							
19.01	60	19.01	20							
19.02	60	19.02	20							
19.03	60	19.03	20							
19.04	60	19.04	20							
19.05	60	19.05	20							
19.06	60	19.06	20							
19.07	60	19.07	20							
19.08	60	19.08	20							
19.09	60	19.09	20							
19.1	60	19.1	20							
19.11	60	19.11	20							
19.12	60	19.12	20							
19.13	60	19.13	20							
19.14	60	19.14	20							
19.15	60	19.15	20							
19.16	60	19.16	20							
19.17	60	19.17	20							
19.18	60	19.18	20							
19.19	60	19.19	20							
19.2	60	19.2	20							
19.21	60	19.21	20							
19.22	60	19.22	20							
19.23	60	19.23	20							
19.24	60	19.24	20							
19.25	60	19.25	20							
19.26	60	19.26	20							
19.27	60	19.27	20							
19.28	60	19.28	20							
19.29	60	19.29	20							
19.3	60	19.3	20							
19.31	60	19.31	20							
19.32	60	19.32	20							
19.33	60	19.33	20							
19.34	60	19.34	20							
19.35	60	19.35	20							
19.36	60	19.36	20							
19.37	60	19.37	20							
19.38	60	19.38	20							
19.39	60	19.39	20							
19.4	60	19.4	20							
19.41	60	19.41	20							
19.42	60	19.42	20							
19.43	60	19.43	20							
19.44	60	19.44	20							
19.45	60	19.45	20							
19.46	60	19.46	20							
19.47	60	19.47	20							
19.48	60	19.48	20							
19.49	60	19.49	20							
19.5	60	19.5	20							
19.51	60	19.51	20							
19.52	60	19.52	20							
19.53	60	19.53	20							
19.54	60	19.54	20							
19.55	60	19.55	20							
19.56	60	19.56	20							
19.57	60	19.57	20							
19.58	60	19.58	20							
19.59	60	19.59	20							
19.6	60	19.6	20							
19.61	60	19.61	20							
19.62	60	19.62	20							
19.63	60	19.63	20							
19.64	60	19.64	20							
19.65	60	19.65	20							
19.66	60	19.66	20							
19.67	60	19.67	20							
19.68	60	19.68	20							
19.69	60	19.69	20							
19.7	60	19.7	20							
19.71	60	19.71	20							
19.72	60	19.72	20							
19.73	60	19.73	20							
19.74	60	19.74	20							
19.75	60	19.75	20							
19.76	60	19.76	20							
19.77	60	19.77	20							
19.78	60	19.78	20							
19.79	60	19.79	20							
19.8	60	19.8	20							
19.81	60	19.81	20							
19.82	60	19.82	20							
19.83	60	19.83	20							
19.84	60	19.84	20							
19.85	60	19.85	20							
19.86	60	19.86	20							
19.87	60	19.87	20							
19.88	60	19.88	20							
19.89	60	19.89	20							
19.9	60	19.9	20							
19.91	60	19.91	20							
19.92	60	19.92	20							
19.93	60	19.93	20							
19.94	60	19.94	20							
19.95	60	19.95	20							
19.96	60	19.96	20							
19.97	60	19.97	20							
19.98	60	19.98	20							
19.99	60	19.99	20							
20	60	20	20							
