Time,Obs_Ca,Obs_CaM,Obs_CaM_Ca4,Obs_CaMKII,Obs_CaMKII_CaM_Ca2,Obs_CaMKII_CaM_Ca2_psd,Obs_CaMKII_psd,Obs_cAMP,Obs_Substrate,Obs_D1R,Obs_DA,Obs_D32,Obs_pSubstrate,Obs_PP2B,Obs_PP2Bc,Obs_pARPP21
0,1,38,0,202,3,0,17,0,35,18,0,444,1,1,3,8
0.2,1,42,0,205,7,1,17,2,35,17,0,440,1,1,6,9
0.4,1,35,0,200,2,0,17,0,33,17,0,437,1,0,1,9
0.6000000000000001,1,33,0,195,2,0,19,0,34,20,0,439,1,0,3,8
0.8,1,29,0,194,3,0,18,1,35,17,0,444,0,0,6,3
1,1,40,0,203,5,0,18,0,36,20,0,441,0,0,3,9
1.2000000000000002,1,36,0,201,4,0,16,0,36,17,0,436,0,0,7,8
1.4000000000000001,1,41,0,206,1,0,15,0,35,19,0,438,0,1,1,9
1.6,0,37,0,202,6,0,17,0,36,17,0,440,0,0,9,7
1.8,1,32,0,197,2,0,16,1,34,18,0,442,2,0,1,8
2,1,41,0,205,2,0,18,2,32,18,1,453,4,0,3,9
2.2,1,41,0,204,0,0,20,4,32,20,0,450,4,0,6,12
2.4000000000000004,1,39,0,203,1,0,18,5,33,18,0,450,3,0,3,11
2.6,1,33,0,199,5,0,16,8,33,15,0,452,3,1,4,11
2.8000000000000003,1,33,0,198,3,0,17,3,32,19,1,458,4,0,2,13
3,1,40,0,208,2,0,13,3,32,20,1,462,4,0,4,12
3.2,1,35,0,205,1,0,14,6,33,19,0,457,2,0,4,11
3.4000000000000004,1,34,0,202,4,1,13,8,34,17,1,451,1,0,4,13
3.6,1,34,0,200,3,0,16,1,36,19,0,458,0,0,3,16
3.8000000000000003,1,36,0,204,2,0,13,0,36,16,0,466,0,1,3,14
4,1,39,0,203,5,0,17,0,36,19,1,462,0,0,4,16
4.2,22,9,0,196,9,1,13,1,36,21,0,469,0,0,31,6
4.4,35,6,0,186,4,2,14,2,36,17,1,472,0,0,34,8
4.6000000000000005,44,0,1,185,7,1,15,1,36,16,0,478,0,0,37,4
4.800000000000001,50,2,0,181,9,0,15,4,36,18,0,493,0,0,35,9
5,53,1,0,184,6,0,17,3,36,18,0,509,0,0,38,2
5.2,10,9,0,187,12,5,15,5,36,17,0,518,0,0,22,12
5.4,2,18,0,195,14,1,16,5,35,18,0,518,1,1,8,14
5.6000000000000005,1,29,0,196,11,1,16,3,35,17,0,515,1,0,1,14
5.800000000000001,1,33,0,199,5,1,15,5,35,18,0,518,1,0,4,21
6,1,40,0,203,6,0,16,2,34,18,0,508,1,0,1,23
6.2,1,38,0,202,2,0,17,0,35,17,1,505,1,0,4,23
6.4,0,38,0,199,5,0,17,0,35,22,0,497,1,0,5,28
6.6000000000000005,0,43,0,208,0,0,16,0,35,17,0,481,1,0,7,20
6.800000000000001,1,34,0,198,2,0,17,0,35,15,0,479,1,0,1,23
7,1,40,0,204,2,1,16,0,36,14,0,480,0,0,2,23
7.2,1,29,0,192,1,2,16,0,34,17,0,481,2,0,2,26
7.4,0,35,0,198,4,0,18,0,35,16,0,479,0,0,3,26
7.6000000000000005,1,36,0,199,2,0,18,0,35,10,0,473,0,0,0,24
7.800000000000001,1,36,0,197,2,0,20,0,35,17,1,465,1,0,4,27
8,0,33,0,192,4,0,22,0,35,17,0,466,1,0,4,26
8.200000000000001,1,41,0,202,3,0,18,0,34,14,1,465,2,0,4,24
8.4,1,39,0,202,1,0,19,0,34,16,0,454,2,0,3,18
8.6,1,38,0,199,2,0,21,0,34,17,0,456,2,0,3,22
8.8,1,45,0,204,1,0,20,0,34,14,0,444,2,0,3,23
9,1,38,0,199,3,0,19,0,32,20,0,451,4,0,6,18
9.200000000000001,1,37,0,195,2,0,20,0,32,18,0,449,4,1,3,23
9.4,0,37,0,199,3,0,19,0,32,14,0,456,4,0,4,20
9.600000000000001,1,37,0,203,1,1,18,0,31,19,0,453,4,0,4,20
9.8,1,35,0,197,4,0,17,1,32,19,0,456,3,1,3,22
10,0,38,0,206,0,0,13,0,32,22,0,453,4,1,3,22
10.200000000000001,0,39,0,204,2,0,15,2,32,20,1,446,4,0,9,22
10.4,0,36,0,203,3,0,14,2,32,20,0,447,4,0,4,17
10.600000000000001,0,31,0,195,3,0,16,2,32,19,0,449,3,0,2,18
10.8,1,41,0,205,1,0,18,3,34,17,1,449,0,0,4,19
11,0,39,0,203,2,1,17,2,35,15,0,441,1,0,9,20
11.200000000000001,1,36,0,201,1,0,16,5,35,19,0,457,1,0,0,20
11.4,0,35,0,201,2,0,15,10,36,16,0,457,0,0,4,21
11.600000000000001,0,37,0,199,2,0,20,6,36,13,0,445,0,0,2,23
11.8,0,33,0,197,3,0,17,6,36,17,0,445,0,1,5,25
12,0,34,0,200,1,0,17,2,36,17,0,435,0,1,1,26
12.200000000000001,1,33,0,197,1,0,17,4,36,18,0,440,0,0,2,27
12.4,1,38,0,200,3,0,19,2,36,15,1,437,0,0,2,30
12.600000000000001,1,39,0,202,2,0,18,3,35,14,0,437,1,0,2,32
12.8,0,35,0,201,3,1,15,2,35,18,0,439,1,0,1,31
13,1,39,0,203,2,0,16,2,33,16,1,441,2,1,0,31
13.200000000000001,1,42,0,208,2,0,16,1,34,19,0,426,2,0,1,26
13.4,1,39,0,205,0,0,16,4,34,17,0,434,2,1,2,32
13.600000000000001,1,40,0,208,0,0,15,2,34,18,0,426,1,0,1,30
13.8,1,38,0,204,1,0,16,2,36,17,1,420,0,0,1,32
14,1,35,0,200,1,0,18,1,36,19,0,431,0,0,3,31
14.200000000000001,1,43,0,207,0,0,18,0,36,18,0,426,0,0,3,30
14.4,0,38,0,203,2,0,16,0,36,16,0,426,0,0,2,33
14.600000000000001,1,40,0,201,1,0,20,0,36,21,0,421,0,0,2,35
14.8,0,33,0,201,1,0,15,1,36,20,0,419,0,0,1,32
15,1,44,0,209,2,1,17,0,36,17,0,420,0,1,2,33
15.200000000000001,1,45,0,207,1,0,20,0,36,19,0,422,0,0,6,34
15.4,0,38,0,202,0,0,18,0,35,17,1,429,1,1,1,35
15.600000000000001,0,36,0,203,1,0,14,0,35,19,0,428,1,1,7,33
15.8,1,41,0,207,3,0,15,0,35,19,0,419,1,1,3,37
16,1,39,0,207,6,0,13,0,35,14,0,432,1,0,3,36
16.2,0,34,0,202,4,0,14,0,35,17,1,433,1,0,1,33
16.400000000000002,1,35,0,209,6,0,7,0,35,16,1,434,1,0,3,33
16.6,1,36,0,211,4,0,7,0,35,16,1,440,1,0,3,33
16.8,0,32,0,205,2,0,10,0,34,18,0,444,2,0,1,37
17,0,35,0,207,1,0,12,0,34,19,0,446,1,0,6,35
17.2,1,36,0,204,2,0,13,0,34,21,0,443,2,0,0,34
17.400000000000002,1,43,0,212,1,1,12,1,33,16,0,429,3,0,2,32
17.6,1,35,0,204,5,0,12,0,33,19,0,426,3,0,5,34
17.8,0,40,0,211,5,0,10,0,33,19,0,424,3,0,1,34
18,0,39,0,207,3,0,14,0,34,19,0,421,2,0,2,32
18.2,1,34,0,204,4,0,11,0,35,20,0,415,1,0,5,33
18.400000000000002,0,38,0,202,4,0,18,0,35,21,0,423,1,0,1,32
18.6,0,37,0,203,2,0,16,0,35,17,0,430,1,0,3,27
18.8,0,37,0,204,3,1,15,0,35,15,0,428,1,0,3,25
19,1,38,0,204,2,0,16,0,35,18,0,430,1,0,2,25
19.200000000000003,1,40,0,207,2,0,15,0,35,19,0,424,0,0,3,27
19.400000000000002,1,38,0,207,3,0,13,0,36,19,0,435,0,0,2,26
19.6,1,38,0,204,5,0,14,0,36,16,0,436,0,1,4,25
19.8,1,32,0,205,4,0,10,0,35,21,1,434,0,0,7,23
20,1,42,0,213,6,1,10,1,35,17,0,434,1,0,6,25
20.200000000000003,0,39,0,210,5,0,11,2,34,16,0,433,2,0,5,26
20.400000000000002,0,34,0,205,6,0,11,2,35,17,1,424,0,0,4,22
20.6,0,38,0,209,4,0,11,1,36,16,0,434,0,0,0,21
20.8,1,36,0,209,3,0,9,3,36,19,0,431,0,1,0,22
21,0,36,0,203,4,0,14,4,35,20,1,433,0,2,4,22
21.200000000000003,0,35,0,203,3,0,14,0,36,18,0,438,0,1,1,20
21.400000000000002,1,39,0,207,1,0,14,3,35,18,0,436,1,0,0,21
21.6,1,35,0,203,2,0,14,3,35,17,0,437,1,0,1,20
21.8,0,41,0,210,2,0,12,5,35,21,0,442,1,0,1,22
22,0,38,0,204,2,1,16,4,35,20,0,439,0,0,3,20
22.200000000000003,1,42,0,209,1,1,14,2,36,17,0,438,0,1,3,22
22.400000000000002,0,30,0,199,5,0,13,3,36,14,0,434,0,1,2,20
22.6,1,36,0,207,3,0,12,2,35,18,0,435,0,0,1,18
22.8,0,32,0,205,3,0,10,0,35,21,0,431,1,0,1,21
23,0,41,0,211,3,1,11,0,35,18,0,433,1,0,4,20
23.200000000000003,1,42,0,215,2,0,11,4,35,16,0,433,1,0,1,23
23.400000000000002,1,40,0,209,2,0,13,4,34,18,0,432,1,0,1,19
23.6,0,36,0,204,0,0,13,6,35,17,0,431,1,0,2,20
23.8,1,34,0,200,2,0,15,4,35,15,0,433,1,0,2,22
24,1,35,0,202,2,0,15,3,35,14,1,437,1,0,0,23
24.200000000000003,1,38,0,205,2,0,15,7,35,17,0,435,1,0,0,25
24.400000000000002,1,34,0,203,1,0,12,5,35,14,0,439,1,0,1,26
24.6,0,34,0,203,4,1,12,1,36,18,1,452,0,0,4,30
24.8,1,35,0,204,4,0,15,0,36,21,0,447,0,0,2,29
25,1,37,0,207,2,1,14,0,36,17,0,451,0,0,0,31
25.200000000000003,0,31,0,197,2,1,17,1,36,16,1,454,0,1,0,30
25.400000000000002,1,42,1,207,2,1,15,1,36,15,0,462,0,2,2,36
25.6,1,38,0,206,4,0,13,0,35,17,1,449,1,1,4,35
25.8,0,35,0,204,2,0,14,0,35,18,0,459,1,0,0,36
26,1,32,0,201,4,0,15,0,35,17,0,459,1,1,2,31
26.200000000000003,1,33,0,202,3,0,13,2,35,18,1,457,1,1,3,32
26.400000000000002,1,42,0,213,1,0,12,0,35,19,0,449,1,1,5,34
26.6,1,38,0,210,3,0,10,0,35,16,0,451,1,1,2,31
26.8,1,39,0,210,2,0,10,0,35,19,0,445,1,0,5,31
27,1,36,0,207,1,0,12,1,35,18,1,440,1,0,3,30
27.200000000000003,0,31,0,201,5,1,10,0,35,16,0,443,1,1,3,31
27.400000000000002,1,38,0,213,1,1,8,0,35,15,0,441,1,0,4,31
27.6,1,36,0,207,4,0,10,0,35,18,1,438,1,1,2,31
27.8,0,39,0,209,3,0,12,1,35,19,0,444,1,0,3,33
28,1,35,0,208,3,0,8,0,36,16,0,443,0,0,1,32
28.200000000000003,1,35,0,204,3,0,12,0,36,20,1,448,0,0,3,33
28.400000000000002,1,37,0,207,2,0,11,0,36,20,0,443,0,0,2,30
28.6,1,43,0,210,3,0,13,2,36,19,0,432,0,1,4,33
28.8,1,40,0,205,0,0,16,2,36,19,0,441,0,0,2,34
29,1,44,0,213,1,0,13,10,36,17,0,432,0,0,4,26
29.200000000000003,0,38,0,209,2,0,11,7,36,19,1,447,0,0,7,27
29.400000000000002,1,33,0,203,5,0,11,7,36,16,0,448,0,0,3,27
29.6,1,39,0,210,3,0,11,0,36,19,0,445,0,0,3,26
29.8,1,37,0,205,7,0,13,2,36,19,0,452,0,1,0,24
30,0,39,0,202,3,0,18,0,35,18,0,443,1,0,3,7
30.200000000000003,1,37,0,196,4,0,21,0,35,18,0,449,2,0,1,7
30.400000000000002,1,42,0,205,2,1,18,0,34,19,1,461,1,0,4,7
30.6,0,42,0,205,3,0,18,1,36,17,0,460,1,0,3,7
30.8,0,42,0,205,1,0,19,1,37,15,0,468,0,0,3,6
31,0,36,0,198,2,2,19,1,35,15,1,452,1,0,1,5
31.200000000000003,0,42,0,202,2,0,21,2,36,18,0,455,1,0,5,6
31.400000000000002,1,42,0,201,4,0,21,2,36,17,0,456,1,0,1,5
31.6,1,42,0,202,0,0,20,2,36,17,0,462,0,0,6,5
31.8,1,38,0,200,3,0,19,3,37,18,0,460,0,0,0,6
32,1,42,0,205,3,0,19,0,37,20,0,464,0,0,0,6
32.2,1,40,0,202,2,0,19,1,37,18,1,470,0,0,0,5
32.4,1,42,0,199,1,0,24,2,37,16,1,477,0,0,2,3
32.6,1,42,0,198,1,0,24,2,37,17,1,480,0,0,1,4
32.800000000000004,1,41,0,201,2,0,20,2,36,18,0,488,0,0,4,4
33,1,41,0,198,2,0,22,0,37,18,0,490,0,1,4,4
33.2,1,40,0,202,2,0,18,0,35,18,0,486,1,0,1,4
33.4,0,34,0,193,5,1,21,0,36,20,1,492,1,0,0,4
33.6,1,40,0,203,4,0,17,0,35,17,0,495,1,0,3,4
33.800000000000004,1,41,0,202,3,0,18,0,35,19,0,505,1,1,3,3
34,1,41,0,205,3,2,15,1,35,18,0,500,1,1,4,4
34.2,21,9,0,179,14,0,18,0,35,16,0,500,2,0,24,1
34.4,35,1,0,168,9,3,19,0,34,15,0,508,3,0,32,1
34.6,43,1,6,168,15,1,22,0,34,19,0,510,3,0,42,1
34.800000000000004,49,3,1,170,7,0,21,0,33,20,0,510,4,0,39,1
35,54,0,0,163,4,2,21,0,34,21,0,521,2,0,34,0
35.2,10,8,0,173,20,3,25,0,34,19,0,539,2,0,24,0
35.4,2,17,0,175,20,6,26,0,34,18,0,533,2,0,8,1
35.6,0,28,0,178,11,3,33,0,34,15,0,529,3,0,1,2
35.800000000000004,1,28,0,169,9,0,38,0,34,16,0,522,2,0,3,2
36,1,35,0,179,8,2,34,1,33,20,1,524,3,0,2,3
36.2,1,33,0,185,5,2,27,0,34,18,0,526,3,0,2,1
36.4,1,40,0,195,3,0,25,0,34,19,1,513,1,0,7,1
36.6,0,44,0,196,2,0,27,1,34,17,1,506,3,0,2,1
36.800000000000004,1,40,0,192,3,0,27,0,36,17,0,500,1,0,2,1
37,1,41,0,192,0,1,29,0,36,16,0,500,1,0,3,1
37.2,1,36,0,187,4,0,28,0,34,16,0,498,1,1,3,1
37.4,0,34,0,185,6,0,29,0,35,21,0,489,1,0,7,1
37.6,1,37,0,192,5,1,28,0,36,20,0,483,0,0,4,1
37.800000000000004,1,36,0,185,5,0,31,0,35,20,0,482,1,0,8,1
38,1,36,0,185,5,0,30,0,35,18,0,487,1,0,1,1
38.2,1,40,0,193,2,0,25,0,36,18,1,487,1,0,5,1
38.400000000000006,1,37,0,191,5,0,24,1,35,19,0,473,2,1,1,1
38.6,1,43,0,198,6,1,23,1,35,19,0,474,2,1,3,1
38.800000000000004,1,42,0,195,1,0,25,0,34,19,0,471,3,0,1,1
39,1,39,0,191,3,1,25,0,32,19,0,482,5,0,1,1
39.2,1,42,0,198,1,0,23,0,30,18,0,474,5,0,1,1
39.400000000000006,0,39,0,189,4,0,29,0,30,21,1,464,7,0,5,1
39.6,1,37,0,191,4,1,24,0,31,18,0,457,4,0,2,1
39.800000000000004,1,34,0,190,4,0,24,0,34,16,0,466,3,0,2,1
40,1,42,0,195,4,0,26,0,34,12,1,473,3,0,5,1
40.2,0,39,0,193,4,2,27,0,33,17,0,481,4,0,5,1
40.400000000000006,1,31,0,182,4,0,29,0,31,17,0,483,6,0,1,1
40.6,0,30,0,184,5,2,26,0,29,19,0,487,5,1,5,1
40.800000000000004,1,39,0,195,4,1,25,0,30,16,0,488,5,0,4,0
41,1,38,0,188,3,1,32,0,32,17,1,482,5,1,4,1
41.2,1,40,0,195,2,1,25,0,33,16,0,486,4,0,2,1
41.400000000000006,0,38,0,198,2,0,22,0,33,20,0,487,4,0,2,1
41.6,1,38,0,195,6,0,23,0,32,13,0,483,5,0,4,1
41.800000000000004,1,38,0,195,5,0,23,0,31,17,0,485,5,0,0,1
42,0,38,0,197,2,0,23,2,33,16,0,472,3,0,4,1
42.2,0,45,0,204,0,0,21,3,33,16,0,470,4,0,1,0
42.400000000000006,1,43,0,203,2,0,20,0,33,18,0,468,4,0,0,1
42.6,0,42,0,196,5,0,26,4,35,16,1,479,2,0,6,1
42.800000000000004,0,30,0,188,5,1,23,1,35,23,1,479,2,0,3,1
43,0,41,0,199,3,0,24,0,34,21,1,482,3,0,0,1
43.2,1,39,0,196,5,1,23,2,33,22,0,483,3,0,1,1
43.400000000000006,0,43,0,201,3,0,22,5,35,20,0,478,0,0,8,2
43.6,1,35,0,195,3,1,20,9,37,17,0,476,0,0,6,2
43.800000000000004,0,38,0,196,5,0,21,6,36,13,0,482,0,1,5,2
44,0,40,0,195,2,0,24,10,36,20,0,485,1,1,0,1
44.2,0,37,0,194,5,0,22,6,36,19,0,491,1,1,6,2
44.400000000000006,0,40,0,202,3,0,20,9,34,18,1,494,1,0,4,6
44.6,1,40,0,197,4,1,24,1,35,15,0,498,2,0,3,9
44.800000000000004,1,39,0,193,5,1,26,3,36,17,1,503,1,0,1,9
45,1,37,0,195,4,1,22,1,35,18,0,499,1,0,4,11
45.2,0,35,0,193,3,2,23,0,36,19,0,506,0,0,4,11
45.400000000000006,0,36,0,193,4,0,24,0,37,17,0,505,0,0,3,12
45.6,1,37,0,197,4,1,20,1,37,19,0,501,0,0,1,12
45.800000000000004,1,43,0,204,5,1,19,0,35,20,1,500,1,0,1,11
46,1,38,0,199,2,0,19,1,36,18,0,505,0,0,3,10
46.2,0,33,0,195,3,1,17,0,36,17,1,503,0,1,0,14
46.400000000000006,1,42,0,206,3,0,18,2,36,19,0,496,1,1,2,13
46.6,1,36,0,197,4,0,20,0,36,16,0,492,1,1,2,14
46.800000000000004,1,46,0,207,1,0,20,0,35,21,1,494,1,0,0,15
47,1,39,0,198,4,0,22,3,37,19,0,488,0,0,5,15
47.2,1,39,0,199,3,0,20,4,37,19,0,488,0,0,2,14
47.400000000000006,1,38,0,194,2,0,24,2,36,16,1,487,0,0,2,12
47.6,1,33,0,190,4,1,24,1,36,15,0,478,1,0,5,11
47.800000000000004,1,33,0,187,3,0,26,4,35,17,0,492,1,0,3,11
48,1,39,0,194,1,0,25,1,33,18,0,495,3,0,6,11
48.2,1,44,0,202,0,2,22,2,34,18,1,501,2,0,6,11
48.400000000000006,1,41,0,193,3,0,28,1,34,18,1,497,3,0,1,13
48.6,1,38,0,195,4,0,23,0,33,14,0,494,3,0,1,11
48.800000000000004,0,39,0,198,3,1,22,0,34,20,1,491,3,0,3,10
49,1,35,0,193,3,0,23,0,32,18,0,489,5,0,1,8
49.2,0,42,0,198,2,0,25,0,33,21,0,492,4,0,0,9
49.400000000000006,1,45,0,199,3,0,26,0,33,17,0,487,4,0,5,10
49.6,1,39,0,197,6,1,23,0,33,15,0,493,4,0,0,10
49.800000000000004,1,41,0,197,2,0,24,3,34,19,1,484,2,0,4,8
50,1,39,0,194,1,0,25,2,35,18,0,479,2,0,2,8
50.2,1,41,0,195,2,0,27,2,35,19,0,480,2,0,0,6
50.400000000000006,1,43,0,199,2,0,25,6,35,19,0,477,1,0,1,8
50.6,0,42,0,198,2,0,25,6,36,17,1,480,1,0,2,8
50.800000000000004,1,44,0,197,2,0,27,3,36,19,1,474,1,0,3,8
51,1,44,0,202,1,0,23,2,36,17,0,462,1,0,2,10
51.2,0,47,0,205,0,0,23,0,36,19,0,463,1,0,1,11
51.400000000000006,1,34,0,197,5,0,18,0,36,16,1,461,1,0,4,9
51.6,1,26,0,193,7,3,15,0,36,18,1,456,1,0,1,7
51.800000000000004,0,40,0,207,2,0,17,0,35,16,0,460,2,0,2,9
52,1,37,0,201,3,0,16,0,35,21,0,461,2,0,3,10
52.2,1,35,0,202,3,0,14,0,35,20,0,455,2,0,4,10
52.400000000000006,1,40,0,207,5,1,13,0,35,16,0,457,2,0,0,11
52.6,1,42,0,203,4,0,20,0,36,20,0,453,1,0,2,10
52.800000000000004,1,35,1,196,4,0,20,0,35,22,0,450,2,0,3,9
53,1,37,0,199,5,0,18,0,36,14,0,449,1,0,2,9
53.2,0,41,0,200,3,0,21,1,36,19,0,456,0,0,3,7
53.400000000000006,1,41,0,204,2,0,18,0,36,18,0,458,0,0,4,10
53.6,1,37,0,199,3,1,19,0,37,17,0,464,0,0,4,7
53.800000000000004,1,39,0,202,4,2,18,0,36,19,0,461,1,0,2,10
54,1,38,0,202,2,0,18,0,36,20,0,467,1,0,0,12
54.2,1,38,0,200,5,2,19,0,36,23,0,465,1,0,2,12
54.400000000000006,0,33,0,195,3,0,18,0,35,17,0,460,1,0,4,11
54.6,0,42,0,206,3,0,16,0,36,15,0,456,1,0,0,10
54.800000000000004,0,39,0,200,1,0,20,0,35,16,0,458,2,0,0,12
55,1,42,0,203,0,0,19,0,36,17,0,459,1,0,4,7
55.2,1,45,0,206,0,0,20,1,36,16,0,461,1,0,3,11
55.400000000000006,1,41,0,203,1,1,18,0,36,18,0,468,1,0,2,11
55.6,1,40,0,200,2,0,21,0,36,19,0,458,0,0,7,11
55.800000000000004,1,37,0,197,0,0,21,0,36,17,1,471,1,0,3,15
56,0,46,0,207,1,0,20,0,35,17,1,464,2,0,2,11
56.2,1,36,0,200,4,1,17,1,35,12,0,465,2,0,6,15
56.400000000000006,1,43,0,209,3,0,17,1,34,19,0,464,2,0,4,15
56.6,1,38,0,204,2,0,16,0,33,17,0,467,3,0,2,9
56.800000000000004,1,36,0,204,4,0,14,0,34,20,0,469,1,0,4,14
57,1,35,0,201,4,1,14,1,37,14,0,468,0,0,2,11
57.2,1,38,0,206,4,0,12,1,37,20,1,466,0,0,4,13
57.400000000000006,1,47,0,216,4,0,12,1,37,17,0,459,0,0,0,13
57.6,1,50,0,220,1,0,10,0,37,14,0,465,0,0,3,14
57.800000000000004,0,42,0,213,2,0,9,1,37,18,0,472,0,0,5,13
58,0,39,0,210,4,0,9,0,37,15,0,477,0,0,3,15
58.2,1,39,0,211,3,0,8,1,36,20,0,478,0,0,1,17
58.400000000000006,1,31,0,201,3,0,12,0,37,16,0,475,0,0,5,14
58.6,1,41,0,211,1,0,10,1,37,18,0,475,0,0,8,16
58.800000000000004,1,35,0,207,2,0,10,0,37,18,0,477,0,0,3,14
59,1,39,0,209,1,0,12,0,37,22,1,478,0,0,1,15
59.2,1,44,0,210,5,0,14,0,37,19,1,472,0,1,0,14
59.400000000000006,1,44,0,214,1,0,11,0,37,18,0,476,0,0,3,16
59.6,0,40,0,208,2,0,13,0,37,17,0,477,0,0,4,15
59.800000000000004,1,42,0,211,5,0,12,0,37,17,0,476,0,0,5,17
60,1,38,0,202,3,0,18,0,35,18,1,443,1,1,3,7
60.2,1,38,0,202,1,0,19,0,35,16,0,449,1,0,1,8
60.400000000000006,1,39,0,203,3,1,18,0,36,19,0,448,1,0,2,7
60.6,1,35,0,200,6,0,18,0,35,16,0,447,1,0,0,7
60.800000000000004,1,30,0,197,3,0,16,1,37,15,0,454,0,0,4,8
61,1,40,0,209,2,1,13,0,37,19,1,449,0,0,2,7
61.2,1,35,0,202,3,0,14,0,37,18,0,451,0,1,1,9
61.400000000000006,0,38,0,208,0,0,12,0,37,15,0,449,0,0,1,7
61.6,1,40,0,210,0,0,14,0,37,19,0,439,0,0,5,9
61.800000000000004,1,36,0,206,2,0,13,0,36,19,0,456,1,1,0,8
62,1,39,0,208,2,0,12,0,36,17,0,444,1,1,0,9
62.2,0,38,0,209,2,0,13,0,34,15,0,449,1,0,3,10
62.400000000000006,1,40,0,206,2,0,16,0,35,16,1,453,2,0,1,9
62.6,0,37,0,206,0,0,13,0,34,15,0,448,1,0,1,7
62.800000000000004,1,37,0,204,3,1,16,1,34,13,0,445,1,0,1,8
63,1,38,0,207,3,0,14,0,35,18,0,448,2,0,3,7
63.2,1,37,0,202,1,0,20,0,35,16,1,448,1,0,1,7
63.400000000000006,1,42,0,206,1,1,18,0,36,17,0,448,1,0,1,10
63.6,1,27,0,193,6,0,17,2,36,17,1,438,1,0,5,9
63.800000000000004,1,37,0,201,3,1,18,0,36,13,1,442,1,0,3,9
64,1,35,0,200,3,0,18,1,36,22,0,439,1,0,2,10
64.2,21,8,1,179,11,1,22,0,36,16,0,456,1,0,27,2
64.4,35,6,3,179,7,2,20,0,36,21,1,462,1,0,40,1
64.60000000000001,44,2,2,169,11,0,25,0,36,18,0,475,1,0,39,1
64.8,50,0,1,167,7,3,24,0,33,18,0,481,3,0,36,2
65,54,2,1,174,2,1,23,0,36,16,1,492,0,1,41,0
65.2,10,8,1,173,9,0,25,0,36,19,0,491,1,0,19,4
65.4,2,15,0,176,16,2,19,1,35,20,1,500,1,0,6,7
65.60000000000001,1,21,0,182,6,1,21,1,33,20,1,501,0,0,4,9
65.8,1,33,0,189,4,1,18,0,36,17,0,502,1,0,3,8
66,0,27,0,183,7,0,16,0,35,15,0,492,2,0,1,9
66.2,0,33,0,188,1,0,19,0,32,19,0,486,3,0,0,7
66.4,1,33,0,186,3,0,15,1,35,18,0,481,1,1,10,9
66.60000000000001,0,32,0,189,2,0,17,0,36,20,1,474,1,0,3,8
66.8,0,35,0,191,3,0,14,1,33,14,0,469,2,0,3,7
67,1,36,0,191,1,0,15,1,32,18,0,471,3,0,3,8
67.2,1,31,0,189,2,0,14,0,34,17,1,470,2,0,3,8
67.4,0,32,0,188,5,0,17,0,34,17,0,464,2,0,2,8
67.60000000000001,1,32,0,189,1,1,19,0,35,15,1,457,2,0,3,12
67.8,1,35,0,194,6,0,16,0,33,17,0,455,3,0,0,10
68,1,25,0,183,5,1,17,0,32,17,0,463,3,1,0,13
68.2,1,35,0,192,3,0,18,0,35,15,0,464,2,1,2,14
68.4,0,34,0,190,1,0,17,0,35,20,0,463,2,0,2,13
68.60000000000001,1,36,0,191,3,0,21,0,33,19,0,465,3,0,0,8
68.8,1,31,0,184,3,0,21,0,32,16,0,466,4,1,2,12
69,0,36,0,192,2,0,22,0,32,20,0,467,3,1,4,13
69.2,1,44,0,202,2,2,18,0,32,17,0,458,3,1,1,12
69.4,0,33,0,187,4,0,23,0,33,18,1,456,2,1,3,11
69.60000000000001,1,35,0,196,3,0,19,0,35,16,1,450,2,0,7,11
69.8,1,44,0,202,2,0,23,0,34,16,0,447,2,0,0,10
70,1,38,0,198,2,1,21,0,34,14,0,454,3,1,8,9
70.2,0,32,0,189,3,0,23,0,34,19,0,450,3,1,3,11
70.4,1,32,0,189,3,0,24,0,35,19,0,447,2,1,3,10
70.60000000000001,1,30,0,187,3,0,25,0,34,16,0,445,2,0,3,9
70.8,0,34,0,189,3,0,26,0,34,21,0,438,3,0,3,10
71,1,39,0,197,4,0,24,0,34,18,1,443,2,1,3,8
71.2,1,40,0,196,2,0,25,0,35,19,1,448,0,1,3,7
71.4,1,35,0,191,4,0,24,0,36,20,1,445,1,0,0,7
71.60000000000001,1,35,0,195,3,0,21,1,35,19,0,451,1,0,3,5
71.8,0,37,0,198,2,0,20,0,35,16,0,451,2,0,4,7
72,1,43,0,205,5,0,18,0,35,19,1,460,2,0,1,6
72.2,0,30,0,195,5,0,16,0,34,22,0,445,3,0,5,6
72.4,1,39,0,199,6,0,20,1,34,21,0,445,3,0,2,5
72.60000000000001,0,42,0,202,4,0,19,0,34,18,1,444,2,0,1,4
72.8,1,37,0,195,2,0,22,1,34,16,0,437,2,0,4,5
73,1,39,0,196,1,1,21,1,35,14,1,435,2,1,0,6
73.2,0,40,0,198,4,0,21,1,36,18,0,438,1,2,0,6
73.4,0,40,0,200,2,0,21,0,36,18,1,429,1,0,1,6
73.60000000000001,1,41,0,206,6,0,15,0,35,19,0,429,1,1,1,3
73.8,1,38,0,203,5,1,15,0,36,22,0,430,1,0,1,5
74,1,35,0,200,1,0,16,0,37,19,1,433,0,0,4,5
74.2,0,35,0,203,2,0,13,0,37,19,0,437,0,1,2,5
74.4,0,37,0,202,0,0,15,0,37,18,0,437,0,1,2,4
74.60000000000001,1,37,0,202,4,0,16,0,37,20,1,439,0,1,0,4
74.8,1,39,0,206,1,0,14,0,37,19,0,436,0,0,3,3
75,1,40,0,203,2,0,20,0,35,16,0,443,1,0,0,4
75.2,1,44,0,208,2,0,18,0,35,19,0,446,2,0,4,4
75.4,1,38,0,201,0,0,19,0,34,16,0,442,2,0,4,5
75.60000000000001,1,40,0,200,2,0,21,0,34,14,0,443,2,1,0,5
75.8,1,39,0,202,1,0,18,0,36,17,0,446,1,2,0,5
76,1,47,0,202,1,0,24,0,35,15,0,446,2,2,2,5
76.2,1,41,0,206,4,1,16,0,35,19,0,444,2,1,4,4
76.4,1,32,0,193,2,0,19,0,35,20,0,448,2,1,5,4
76.60000000000001,0,35,0,198,2,3,19,1,36,19,0,442,1,2,2,5
76.80000000000001,0,32,0,189,5,0,24,0,36,16,0,442,1,0,3,5
77,0,40,0,197,1,0,25,3,35,16,0,450,2,0,2,5
77.2,1,42,0,197,1,0,26,1,35,15,0,446,2,2,2,5
77.4,1,33,0,192,1,1,22,2,35,19,1,449,1,0,4,4
77.60000000000001,1,36,0,196,2,0,22,3,36,15,1,454,1,1,4,5
77.80000000000001,1,32,0,197,5,0,18,2,36,16,0,456,1,0,1,4
78,1,38,0,203,2,0,17,0,36,18,0,456,1,1,2,4
78.2,0,38,0,204,4,0,14,0,35,20,0,457,1,2,1,3
78.4,0,40,0,202,3,0,20,0,36,18,0,464,1,0,2,4
78.60000000000001,1,38,0,200,3,0,21,0,36,16,0,464,1,0,2,3
78.80000000000001,1,38,0,202,2,0,18,0,35,17,1,465,2,0,4,3
79,1,39,0,202,3,0,19,0,35,15,1,469,2,0,0,3
79.2,1,35,0,199,5,0,19,0,35,15,0,466,2,0,3,3
79.4,0,33,0,197,1,0,18,0,35,15,0,460,1,0,5,2
79.60000000000001,0,38,0,206,3,0,15,0,35,18,1,461,1,0,2,1
79.80000000000001,0,40,0,207,2,1,16,0,35,19,0,461,2,0,2,2
80,1,41,0,206,2,0,18,0,35,18,0,460,1,0,5,2
80.2,1,38,0,205,3,2,15,0,36,15,0,458,1,0,6,2
80.4,1,40,0,205,4,0,18,2,36,18,0,463,1,0,6,1
80.60000000000001,0,35,0,198,3,0,19,2,36,16,0,452,0,0,6,2
80.80000000000001,1,40,0,204,3,1,18,1,37,16,1,445,0,0,5,2
81,1,35,0,198,2,0,19,0,37,19,0,445,0,0,0,2
81.2,0,40,0,202,2,0,20,1,36,20,1,438,1,0,0,2
81.4,1,37,0,203,1,1,17,4,36,18,1,433,1,0,3,2
81.60000000000001,1,40,0,205,2,0,20,3,35,19,0,434,1,0,2,1
81.80000000000001,1,36,0,200,6,0,19,1,36,19,0,427,1,0,4,1
82,0,41,0,205,2,0,18,1,36,20,0,431,1,0,2,2
82.2,1,39,0,203,1,0,18,2,36,17,1,436,1,0,1,2
82.4,1,43,0,209,3,1,16,0,36,20,0,429,1,0,1,2
82.60000000000001,1,41,0,207,2,0,16,1,36,19,0,430,1,0,1,2
82.80000000000001,1,33,0,201,3,0,16,4,36,19,0,435,1,0,0,2
83,1,34,0,194,3,0,22,2,37,19,0,439,0,0,1,2
83.2,1,33,0,198,4,0,19,3,37,17,0,434,0,0,2,2
83.4,1,38,0,201,5,0,20,0,37,18,0,432,0,1,5,1
83.60000000000001,0,31,0,192,4,1,20,1,37,18,0,430,0,1,5,1
83.80000000000001,0,37,0,198,2,0,22,0,37,13,0,426,0,1,4,1
84,0,40,0,198,1,0,24,0,35,17,0,424,2,1,0,1
84.2,1,42,0,204,4,0,22,0,35,18,0,420,2,1,1,0
84.4,1,41,0,199,4,1,24,0,35,19,0,432,1,1,0,1
84.60000000000001,1,43,0,200,5,1,25,0,34,16,1,427,3,1,1,1
84.80000000000001,1,40,0,198,3,1,23,0,34,20,0,424,2,1,5,1
85,1,37,0,198,6,0,22,0,34,21,1,419,3,0,10,0
85.2,1,40,0,204,3,0,18,0,34,17,0,421,3,0,4,0
85.4,0,42,0,202,1,0,22,0,34,17,1,422,3,0,3,0
85.60000000000001,1,35,0,193,3,0,24,0,34,17,0,422,3,0,1,0
85.80000000000001,0,31,0,188,2,0,26,1,33,16,0,426,3,0,3,0
86,1,41,0,196,4,0,27,0,34,15,0,423,2,0,0,0
86.2,1,33,0,193,1,1,24,0,35,17,0,422,1,0,1,0
86.4,1,47,0,202,1,0,29,0,35,18,0,427,1,0,1,0
86.60000000000001,0,35,0,190,4,0,27,0,36,21,0,419,1,0,4,0
86.80000000000001,0,37,0,197,6,0,22,0,36,15,0,424,1,0,5,0
87,1,36,0,192,3,0,26,0,37,16,0,414,0,0,1,0
87.2,0,43,0,199,4,0,26,0,37,19,0,423,0,0,1,0
87.4,1,42,0,201,4,3,23,0,37,15,0,427,0,0,1,0
87.60000000000001,0,39,0,192,2,0,29,1,37,16,0,425,0,0,6,0
87.80000000000001,1,36,0,190,3,0,28,0,36,14,0,418,0,0,0,0
88,1,35,0,192,2,2,26,0,36,17,0,411,1,0,3,0
88.2,1,42,0,198,3,0,26,1,35,17,0,414,1,0,6,0
88.4,1,35,0,192,1,0,25,0,36,16,1,412,1,0,3,0
88.60000000000001,1,37,0,198,1,0,22,0,34,19,0,410,2,0,0,0
88.80000000000001,0,44,0,202,1,0,23,0,34,19,1,411,3,1,1,0
89,0,37,0,197,1,0,21,0,34,17,0,402,3,1,3,0
89.2,1,40,0,199,0,0,22,0,35,16,0,414,2,1,4,0
89.4,1,36,0,199,3,1,20,0,34,20,0,408,3,0,6,0
89.60000000000001,1,41,0,206,3,1,18,0,34,20,0,410,3,0,0,0
89.80000000000001,1,38,0,200,2,0,19,0,34,16,0,414,2,1,5,0
90,1,39,0,202,3,0,17,0,35,18,0,444,1,1,2,7
90.2,1,45,0,208,3,0,17,1,34,16,1,449,1,0,3,7
90.4,0,46,0,210,2,0,18,1,35,18,1,446,1,0,4,6
90.60000000000001,1,35,0,197,3,1,20,1,34,19,0,443,2,0,2,5
90.80000000000001,1,40,0,199,4,0,21,2,34,19,0,441,2,1,6,4
91,1,42,0,204,2,1,17,0,34,20,0,444,2,1,0,4
91.2,0,36,0,196,2,0,19,0,32,14,0,453,2,1,0,4
91.4,1,41,0,202,1,0,19,0,33,17,0,452,2,1,0,3
91.60000000000001,1,34,0,198,4,0,17,0,33,15,0,453,1,0,0,3
91.80000000000001,1,43,0,208,3,0,17,0,34,17,1,455,0,0,4,3
92,1,48,0,211,0,0,17,1,33,20,0,444,1,0,2,4
92.2,1,36,0,201,3,0,17,0,34,20,0,451,1,0,0,3
92.4,1,35,0,200,3,0,16,0,36,19,0,461,0,0,2,2
92.60000000000001,1,37,0,206,3,0,12,0,36,17,0,468,0,0,4,3
92.80000000000001,1,41,0,208,4,0,13,0,36,19,0,461,0,0,3,1
93,0,40,0,204,4,0,18,1,36,16,0,456,0,0,5,2
93.2,0,34,0,196,2,1,19,0,35,20,1,462,0,1,4,1
93.4,1,39,0,203,2,1,18,0,34,20,0,453,2,0,1,2
93.60000000000001,1,43,0,204,3,0,19,0,34,19,0,450,2,1,3,2
93.80000000000001,0,35,0,198,3,1,18,0,33,19,1,452,2,0,3,2
94,1,36,0,200,1,1,18,0,33,17,1,455,2,0,3,2
94.2,21,10,1,174,14,0,21,0,35,19,0,444,1,0,27,0
94.4,35,3,2,165,11,0,26,0,35,18,0,463,1,0,35,0
94.60000000000001,44,4,0,162,8,2,25,0,35,21,0,470,1,0,32,1
94.80000000000001,49,1,0,151,8,2,34,0,35,17,0,477,1,0,39,0
95,54,0,2,152,4,1,34,0,33,15,0,483,1,0,42,0
95.2,9,6,0,153,20,2,37,0,31,21,0,491,3,0,25,1
95.4,2,20,0,165,8,3,33,0,28,22,0,494,6,0,5,1
95.60000000000001,1,25,0,165,6,2,33,0,29,19,1,495,6,0,2,1
95.80000000000001,1,28,0,166,6,0,36,0,31,16,0,491,5,0,2,1
96,1,24,0,166,4,0,32,0,29,21,0,487,6,0,4,1
96.2,0,38,0,174,3,0,35,0,29,18,1,484,7,0,2,2
96.4,0,29,0,173,4,2,28,0,29,19,0,476,6,0,1,2
96.60000000000001,0,32,0,177,4,2,27,3,30,15,1,471,3,0,2,2
96.80000000000001,1,31,0,175,4,0,29,0,29,21,0,464,7,0,2,1
97,1,23,0,172,7,1,28,1,27,20,0,468,9,0,1,2
97.2,0,33,0,179,1,1,26,1,28,18,1,461,7,0,1,2
97.4,1,38,0,185,3,0,29,0,30,18,1,462,6,1,0,2
97.60000000000001,1,40,0,183,1,0,29,0,33,19,0,461,2,0,1,2
97.80000000000001,1,34,0,184,1,1,26,0,32,21,1,464,3,0,1,2
98,0,41,0,191,1,0,24,0,31,17,1,458,4,0,7,2
98.2,0,36,0,186,1,0,24,3,30,17,0,462,6,1,3,1
98.4,0,35,0,186,0,0,24,0,29,17,0,470,6,1,6,1
98.60000000000001,1,40,0,186,0,0,27,0,30,22,0,469,5,1,4,2
98.80000000000001,1,33,0,183,3,0,25,0,29,20,1,463,6,1,5,2
99,1,38,0,185,0,0,25,0,30,18,1,455,5,1,5,2
99.2,1,39,0,188,3,0,22,0,33,20,0,445,2,1,1,2
99.4,1,36,0,191,3,0,20,0,32,15,1,440,0,0,0,1
99.60000000000001,1,42,0,202,1,0,16,0,34,17,1,430,1,0,4,0
99.80000000000001,1,32,0,195,4,0,15,0,36,18,0,420,0,0,0,2
100,0,39,0,198,4,0,16,0,35,23,1,426,1,0,2,2
100.2,1,33,0,192,3,0,18,0,34,20,1,436,1,0,3,2
100.4,1,33,0,192,3,0,21,0,34,17,0,437,1,0,2,2
100.60000000000001,1,32,0,190,4,0,20,0,34,18,0,432,2,0,8,2
100.80000000000001,1,36,0,198,2,1,16,0,32,19,1,439,3,0,4,2
101,0,36,0,196,2,0,18,1,34,19,1,447,2,0,3,1
101.2,0,36,0,196,4,1,19,1,34,15,0,442,2,0,2,2
101.4,1,39,0,195,2,0,26,0,31,21,0,449,5,0,0,2
101.60000000000001,1,35,0,189,3,0,24,0,31,16,1,451,4,0,6,2
101.80000000000001,0,35,0,192,3,0,22,0,34,17,0,454,2,1,5,2
102,0,35,0,191,3,1,23,0,33,16,0,448,3,1,2,2
102.2,0,37,0,194,3,0,22,0,33,19,0,452,2,0,7,2
102.4,1,38,0,195,3,0,22,0,33,16,0,446,2,0,3,2
102.60000000000001,1,33,0,196,3,2,18,0,34,18,1,456,2,0,3,2
102.80000000000001,1,38,0,199,3,0,19,0,33,19,0,445,1,0,7,1
103,1,34,0,196,3,0,17,0,34,22,0,450,2,0,1,1
103.2,1,40,0,200,3,0,18,1,34,17,0,455,0,0,3,1
103.4,1,37,0,199,1,0,17,0,34,20,0,456,0,0,1,1
103.60000000000001,1,37,0,198,4,0,18,0,33,19,0,446,3,0,1,1
103.80000000000001,1,34,0,196,7,0,16,0,32,18,1,445,4,0,0,1
104,1,39,0,198,6,2,20,0,31,20,0,448,3,0,8,1
104.2,1,38,0,199,3,1,21,2,33,19,0,444,3,0,3,1
104.4,0,31,0,195,3,0,17,0,33,16,0,454,3,0,3,1
104.60000000000001,1,37,0,194,1,0,24,0,32,18,0,448,3,0,6,1
104.80000000000001,1,38,0,201,2,0,17,0,33,19,0,451,3,0,2,1
105,1,39,0,198,3,0,20,0,32,19,1,440,4,0,2,1
105.2,1,40,1,201,3,0,20,0,33,19,1,436,3,0,6,1
105.4,0,39,0,197,2,0,22,0,33,15,0,439,3,0,3,1
105.60000000000001,1,33,0,195,4,0,16,0,33,20,0,439,3,1,1,1
105.80000000000001,1,38,0,202,3,1,15,0,34,19,1,434,2,0,5,0
106,1,38,0,202,5,0,16,0,34,19,0,432,2,0,4,1
106.2,1,38,0,200,3,0,19,0,35,19,0,428,1,0,0,1
106.4,1,35,0,199,4,0,17,2,36,15,0,429,0,0,7,1
106.60000000000001,1,41,0,203,2,1,16,2,35,16,0,428,1,1,4,1
106.80000000000001,1,43,0,202,2,0,20,1,32,16,0,421,4,0,4,1
107,1,41,0,205,4,2,15,2,32,16,0,427,3,0,3,1
107.2,1,46,0,210,3,0,15,3,32,18,1,428,3,0,2,1
107.4,0,39,0,200,3,0,19,6,33,20,0,432,3,0,1,1
107.60000000000001,1,40,0,203,3,0,17,1,33,18,0,434,3,0,0,1
107.80000000000001,0,41,0,201,1,0,19,0,33,19,0,440,2,0,6,1
108,0,31,0,194,0,0,16,1,33,19,0,434,3,0,9,1
108.2,0,39,0,202,3,0,17,1,33,21,1,434,3,0,2,1
108.4,1,46,0,210,1,1,15,0,32,21,0,432,4,0,1,1
108.60000000000001,1,42,0,207,4,1,15,2,33,20,0,426,2,0,1,0
108.80000000000001,0,39,0,203,4,0,17,0,34,15,0,421,2,0,2,1
109,0,38,0,201,2,0,18,0,34,18,0,421,2,0,3,1
109.2,1,40,0,203,1,0,17,0,36,21,1,424,0,0,3,1
109.4,0,38,0,205,1,0,14,1,36,18,0,418,0,0,0,1
109.60000000000001,1,41,0,201,1,0,20,0,36,21,0,420,0,0,2,1
109.80000000000001,1,40,0,202,1,1,18,0,35,16,1,415,0,1,2,1
110,1,39,0,202,6,0,16,1,35,19,0,423,1,1,2,1
110.2,1,36,0,201,5,0,15,1,35,19,0,430,1,0,3,1
110.4,1,37,0,200,3,0,17,1,35,19,0,426,0,0,2,1
110.60000000000001,1,39,0,202,2,0,20,3,36,20,1,426,0,1,1,1
110.80000000000001,1,41,0,205,1,0,17,3,36,19,0,421,0,0,9,1
111,1,42,0,212,4,2,10,3,34,19,0,423,1,1,3,2
111.2,1,44,0,208,2,0,16,5,35,20,0,427,1,0,3,2
111.4,0,36,0,201,2,0,15,4,35,20,1,425,1,0,1,2
111.60000000000001,1,41,0,208,1,0,13,3,34,20,0,425,2,0,1,2
111.80000000000001,0,37,0,206,3,0,11,3,34,20,0,422,2,0,4,5
112,1,40,0,211,5,0,10,3,34,19,0,421,2,0,5,4
112.2,0,36,0,208,2,0,9,7,34,20,0,423,1,0,1,7
112.4,1,39,0,212,1,0,9,7,34,19,1,420,2,0,2,9
112.60000000000001,1,40,0,206,1,0,14,17,34,17,0,415,2,0,1,10
112.80000000000001,0,31,0,200,1,0,11,15,34,18,0,415,2,0,3,12
113,1,39,0,207,2,1,13,23,34,22,0,424,2,0,5,16
113.2,1,42,0,213,1,1,10,22,34,22,0,416,2,1,7,20
113.4,0,40,0,205,2,0,15,18,34,18,0,416,2,0,2,24
113.60000000000001,1,37,0,203,3,0,16,19,35,16,0,422,1,1,2,25
113.80000000000001,1,38,0,202,2,1,17,12,35,18,0,415,1,1,2,27
114,1,35,0,201,3,2,14,10,36,19,1,415,0,1,4,36
114.2,1,38,0,201,3,1,15,23,36,17,0,414,0,2,1,38
114.4,0,34,0,196,4,0,18,23,36,19,0,414,0,1,4,41
114.60000000000001,1,38,0,199,5,0,20,20,36,20,0,403,0,0,5,40
114.80000000000001,1,30,0,196,4,1,16,13,35,19,1,401,0,0,4,49
115,1,37,0,201,5,0,18,9,34,15,1,398,2,0,0,51
115.2,1,35,0,199,2,0,17,10,34,19,0,398,2,1,1,54
115.4,1,37,0,202,4,0,17,12,34,21,0,395,2,0,4,51
115.60000000000001,1,32,0,198,1,1,18,6,34,19,1,394,2,0,0,52
115.80000000000001,0,36,0,197,2,0,21,13,33,16,0,392,3,0,4,51
116,1,41,0,199,3,0,22,13,33,16,1,394,3,1,2,54
116.2,1,37,0,199,6,0,19,15,33,22,1,383,2,0,2,56
116.4,1,39,0,199,3,0,21,11,34,17,0,381,2,0,3,58
116.60000000000001,1,34,0,198,4,1,18,18,34,21,0,388,2,0,3,53
116.80000000000001,0,45,0,206,0,1,19,18,34,22,0,383,2,0,1,57
117,1,37,0,198,2,0,20,30,33,21,0,384,3,0,1,58
117.2,1,38,0,201,2,0,17,24,33,15,0,383,3,1,4,61
117.4,1,39,0,206,2,0,15,18,30,19,0,388,4,0,4,59
117.60000000000001,1,43,0,206,1,1,19,13,29,21,0,392,7,0,1,58
117.80000000000001,0,39,0,198,1,0,21,3,29,18,1,384,5,0,2,63
118,1,40,0,203,2,0,17,1,29,18,0,389,6,0,3,63
118.2,0,36,0,200,2,0,18,0,30,17,0,388,6,0,1,56
118.4,1,36,0,201,5,0,17,0,30,20,0,396,6,0,0,57
118.60000000000001,1,31,1,200,1,0,17,0,29,19,0,389,5,0,3,52
118.80000000000001,1,36,0,202,4,2,17,0,31,17,0,386,5,0,0,51
119,0,37,0,197,3,0,21,0,30,13,0,390,5,0,1,51
119.2,1,34,0,191,1,1,24,0,28,17,0,395,6,0,0,52
119.4,1,40,0,201,0,1,20,1,29,19,1,396,7,0,4,50
119.60000000000001,0,40,0,202,1,0,19,2,30,20,1,396,6,0,1,48
119.80000000000001,1,34,0,198,3,0,17,4,30,15,0,392,5,0,4,48
120,0,38,0,202,3,0,18,0,35,17,0,444,1,0,3,7
120.2,1,36,0,202,2,0,16,1,35,20,1,460,1,0,4,8
120.4,1,35,0,201,7,0,16,0,36,19,1,452,0,0,5,9
120.60000000000001,0,34,0,200,4,0,16,1,36,17,0,455,0,0,8,8
120.80000000000001,0,37,0,204,2,0,14,1,36,15,1,452,0,0,5,10
121,1,40,0,209,4,0,10,0,34,17,1,453,1,2,1,9
121.2,0,35,0,202,2,0,15,0,36,21,1,450,0,1,4,8
121.4,1,35,0,201,1,0,15,0,36,18,0,451,0,0,3,10
121.60000000000001,1,45,0,207,2,0,19,0,36,20,0,443,0,0,6,10
121.80000000000001,1,35,0,200,2,0,16,0,35,18,1,446,1,0,4,9
122,1,45,0,210,1,1,15,1,35,19,0,449,1,1,5,7
122.2,1,39,0,204,2,0,17,1,35,16,0,452,1,0,5,10
122.4,1,32,0,197,4,0,16,0,35,15,0,451,0,0,2,10
122.60000000000001,1,36,0,203,7,0,15,0,35,19,0,452,0,0,3,10
122.80000000000001,1,34,0,203,6,0,14,0,36,15,0,445,0,1,5,12
123,0,38,0,203,5,0,16,0,35,18,0,450,1,0,2,12
123.2,0,44,0,213,0,1,12,1,35,16,0,453,1,0,1,14
123.4,1,44,0,216,2,0,12,0,35,19,0,461,1,0,1,11
123.60000000000001,1,36,0,205,2,1,15,0,36,19,0,450,0,1,0,11
123.80000000000001,0,33,0,201,3,0,14,1,36,19,0,455,0,0,2,12
124,0,35,0,201,4,0,16,0,35,17,0,455,1,0,3,9
124.2,22,12,1,188,9,0,14,1,35,19,1,459,0,0,24,6
124.4,35,1,0,177,5,1,16,0,36,20,1,468,0,0,38,3
124.60000000000001,44,1,0,179,8,1,15,0,33,16,0,490,1,0,35,3
124.80000000000001,50,1,0,173,9,1,17,1,33,18,0,502,3,0,37,5
125,53,1,1,169,9,0,26,0,33,21,0,509,3,0,34,2
125.2,10,7,1,170,12,0,31,0,33,15,0,510,2,0,18,9
125.4,2,14,0,175,16,4,27,0,33,20,0,510,3,0,6,10
125.60000000000001,1,23,0,182,14,5,25,0,34,19,0,503,0,0,3,12
125.80000000000001,1,31,0,180,9,1,29,0,36,15,0,495,0,0,3,13
126,1,36,0,185,3,0,28,0,35,18,0,501,0,0,4,12
126.2,1,42,0,192,0,0,27,0,35,18,0,498,1,0,2,16
126.4,0,35,0,188,2,0,23,2,35,19,0,488,1,0,1,16
126.60000000000001,1,36,0,191,3,0,24,0,35,17,0,489,1,0,6,18
126.80000000000001,1,39,0,194,2,0,25,0,34,21,0,481,1,0,1,16
127,1,37,0,191,1,0,24,0,34,18,0,484,2,0,5,18
127.2,1,36,0,192,7,1,21,0,33,20,1,475,2,0,2,17
127.4,0,33,0,193,4,0,21,1,34,17,1,470,2,0,1,15
127.60000000000001,0,37,0,191,4,0,24,0,34,17,0,472,2,0,2,18
127.80000000000001,1,37,0,190,4,0,27,2,34,19,0,476,1,0,1,19
128,1,39,0,189,3,0,28,0,35,17,0,471,1,1,0,20
128.20000000000002,1,35,0,189,3,0,24,0,36,15,0,475,0,1,0,18
128.4,0,32,0,189,1,0,22,2,36,16,0,479,0,1,2,16
128.6,1,41,0,196,5,0,24,1,36,18,0,475,0,0,3,15
128.8,0,33,0,194,6,1,19,0,36,16,0,473,0,0,3,16
129,1,31,0,198,2,1,15,0,36,18,0,466,0,0,2,15
129.20000000000002,0,39,0,199,1,0,21,0,35,17,0,464,1,0,4,17
129.4,0,30,0,192,4,1,19,0,34,16,0,470,1,0,2,16
129.6,0,37,0,195,2,0,24,0,35,16,1,478,1,0,1,15
129.8,0,30,0,192,4,0,18,0,34,18,0,480,2,0,1,16
130,1,42,0,206,2,1,18,0,34,19,0,478,2,0,4,14
130.20000000000002,1,34,0,193,3,1,21,0,34,18,0,474,2,0,1,13
130.4,0,41,0,196,3,1,24,0,34,19,0,478,2,0,1,14
130.6,1,40,0,200,5,0,21,0,33,19,1,486,2,0,3,11
130.8,0,28,0,185,6,1,22,0,32,20,0,480,3,0,2,15
131,0,40,0,197,3,0,23,1,31,16,0,484,4,0,4,16
131.20000000000002,1,35,0,196,3,0,18,0,32,18,0,484,4,1,8,22
131.4,1,31,0,192,3,1,21,0,31,17,0,482,5,1,3,21
131.6,1,35,0,198,3,1,20,0,32,18,0,477,4,0,5,23
131.8,0,29,0,194,5,0,19,0,32,16,0,471,3,1,1,24
132,0,36,0,201,4,1,18,0,33,18,0,467,1,0,4,24
132.20000000000002,1,41,0,204,0,0,21,0,35,18,0,468,0,0,0,19
132.4,1,37,0,199,3,1,19,0,35,16,0,468,0,0,7,20
132.6,1,40,0,196,6,0,23,1,35,19,0,469,1,0,2,24
132.8,1,31,0,188,4,0,25,0,35,16,0,476,1,0,2,21
133,1,40,0,197,6,0,23,0,34,17,0,473,2,0,0,21
133.20000000000002,1,35,0,196,3,0,21,0,34,17,0,466,2,0,5,22
133.4,1,38,0,198,3,1,20,0,33,18,1,466,3,1,1,21
133.6,0,37,0,197,5,0,20,1,33,17,0,459,2,2,6,20
133.8,0,36,0,192,6,0,23,0,34,15,0,460,0,0,1,20
134,1,35,0,193,2,0,23,3,35,16,0,461,1,0,1,21
134.20000000000002,1,42,0,196,1,0,27,0,35,15,0,461,1,0,3,19
134.4,1,37,0,199,1,1,19,0,35,17,0,465,1,1,3,17
134.6,1,33,0,194,2,0,23,2,35,19,0,462,1,0,4,19
134.8,0,33,0,194,2,0,22,2,35,15,0,469,1,0,2,22
135,1,36,0,197,5,0,19,0,32,18,0,469,3,0,5,26
135.20000000000002,1,36,0,197,3,0,19,2,31,18,0,466,4,0,1,17
135.4,0,36,0,199,4,1,19,2,32,16,1,469,4,0,3,17
135.6,1,35,0,196,2,0,21,3,32,20,1,462,3,0,1,23
135.8,1,34,0,199,4,1,15,0,33,18,1,464,3,1,2,23
136,1,42,0,204,2,0,19,0,34,20,1,476,1,0,2,21
136.20000000000002,1,39,0,200,1,0,20,1,34,21,0,481,1,0,4,26
136.4,1,41,0,202,3,0,21,0,34,17,0,477,2,0,0,22
136.6,1,39,0,200,2,1,20,0,34,16,0,480,2,0,4,25
136.8,1,47,0,203,3,0,24,0,34,18,0,474,2,0,5,22
137,1,40,0,194,5,0,27,0,34,16,0,482,1,0,0,19
137.20000000000002,1,38,0,196,5,1,24,0,34,19,1,490,1,0,3,22
137.4,1,44,0,200,2,0,24,0,33,18,1,494,3,1,3,24
137.6,1,41,0,198,1,0,23,0,32,16,0,490,4,0,3,21
137.8,0,37,0,198,2,0,21,0,32,16,0,491,4,0,3,21
138,1,41,0,203,2,0,19,0,32,17,0,489,4,0,6,22
138.20000000000002,1,39,0,200,2,0,21,0,31,15,0,494,5,0,3,20
138.4,1,39,0,199,3,1,21,0,31,18,1,491,4,0,1,20
138.6,1,34,0,196,3,0,19,1,33,16,0,486,2,0,3,24
138.8,1,39,0,206,3,0,15,1,34,15,1,488,1,0,2,25
139,1,40,0,202,3,0,19,0,33,16,0,493,3,0,7,21
139.20000000000002,0,39,0,201,4,0,21,0,33,16,0,483,3,0,3,23
139.4,1,31,0,196,2,1,20,1,33,18,0,491,3,0,3,28
139.6,1,37,0,200,2,0,19,0,33,18,0,484,2,0,2,27
139.8,0,39,0,201,5,1,19,1,32,21,0,486,4,0,5,25
140,1,41,0,204,2,1,18,1,34,21,0,483,2,0,4,25
140.20000000000002,1,39,0,202,4,1,18,0,34,18,0,486,2,0,2,24
140.4,1,39,0,201,4,0,19,0,33,19,0,479,3,1,2,24
140.6,0,41,0,207,3,0,16,0,34,17,1,474,2,0,3,25
140.8,0,39,0,204,3,0,18,0,34,17,0,476,2,0,3,24
141,1,34,0,197,3,0,18,0,33,23,1,478,3,0,4,26
141.20000000000002,1,42,0,208,3,0,16,1,33,14,0,482,3,0,3,24
141.4,1,36,0,201,3,1,17,0,33,13,0,482,3,0,3,26
141.6,1,37,0,200,0,0,18,0,32,18,0,480,3,0,4,24
141.8,0,38,0,201,1,0,18,0,33,22,0,485,3,0,5,24
142,1,42,0,203,3,0,20,0,33,16,1,491,3,1,2,23
142.20000000000002,1,45,0,205,3,0,21,0,34,22,0,482,2,0,2,22
142.4,1,39,0,202,2,0,19,1,32,16,0,486,2,0,2,21
142.6,1,37,0,200,2,0,19,0,33,21,0,482,3,0,1,20
142.8,1,38,0,202,1,0,18,1,33,18,0,478,3,0,3,18
143,1,48,0,212,1,1,17,1,34,20,0,471,2,0,4,21
143.20000000000002,1,33,0,200,5,0,16,0,35,14,1,488,1,0,0,22
143.4,1,44,0,207,2,0,19,0,35,17,0,482,0,0,2,22
143.6,1,45,0,207,2,0,20,0,35,17,0,483,0,0,3,26
143.8,1,37,0,204,0,1,16,0,34,16,1,479,0,0,1,22
144,1,30,0,193,2,0,20,0,35,17,0,477,1,0,4,22
144.20000000000002,1,42,0,203,2,0,20,0,34,17,0,475,2,0,7,22
144.4,1,43,0,209,2,0,17,0,34,17,0,463,2,0,2,24
144.6,1,40,0,205,0,0,16,0,34,19,0,469,2,0,1,26
144.8,1,38,0,205,1,1,14,0,34,19,1,468,1,0,2,20
145,1,39,0,208,2,0,13,0,34,18,0,465,2,0,4,20
145.20000000000002,1,38,0,207,1,0,12,0,34,18,0,470,2,0,1,21
145.4,1,33,0,198,1,0,16,0,34,20,0,473,1,0,4,20
145.6,1,37,0,202,3,0,16,2,35,22,1,472,0,0,3,17
145.8,1,36,0,203,1,1,16,2,36,21,0,472,0,0,1,21
146,0,38,0,198,2,0,21,0,36,18,0,471,0,0,2,20
146.20000000000002,0,43,0,208,1,0,16,2,36,16,0,471,0,0,3,18
146.4,1,38,0,198,1,0,23,1,35,21,0,473,1,0,4,18
146.6,1,40,0,202,2,0,20,0,35,16,0,473,1,0,3,19
146.8,0,42,0,203,4,0,20,0,35,20,0,474,1,0,3,17
147,0,36,0,200,5,1,17,1,35,19,1,474,0,0,0,16
147.20000000000002,1,37,0,201,6,1,17,0,35,22,1,471,1,0,7,16
147.4,1,40,0,200,5,0,22,0,35,19,0,477,1,0,2,14
147.6,0,42,0,201,2,1,23,0,35,18,0,483,1,0,3,16
147.8,1,37,0,193,5,0,25,2,36,20,1,476,0,0,4,18
148,1,45,0,207,5,1,19,1,36,19,0,484,0,0,2,18
148.20000000000002,1,38,0,199,3,0,20,1,36,18,0,485,0,0,1,16
148.4,1,40,0,202,3,0,21,0,36,20,1,496,0,0,2,16
148.6,0,34,0,194,6,0,22,0,36,20,0,500,0,1,3,15
148.8,1,39,0,196,3,1,25,1,34,18,0,498,1,0,3,14
149,1,32,0,192,3,2,23,1,34,16,1,493,1,0,3,10
149.20000000000002,1,42,0,197,3,1,26,0,34,16,0,501,1,0,4,9
149.4,1,34,0,194,5,0,23,0,35,17,0,501,1,0,1,10
149.6,0,38,0,200,6,1,22,2,34,19,0,495,2,0,3,10
149.8,1,38,0,198,2,0,23,0,33,21,0,492,3,0,3,11
150,1,39,0,202,3,0,18,0,35,18,0,444,1,0,3,7
150.20000000000002,1,34,0,199,5,1,16,1,35,14,1,450,1,0,3,7
150.4,1,39,0,198,1,0,22,0,35,20,0,456,1,0,3,7
150.6,0,39,0,196,2,0,23,0,35,18,0,456,2,0,4,7
150.8,1,40,0,198,2,0,22,1,34,19,0,447,3,0,1,7
151,0,37,0,196,1,0,21,0,32,16,0,455,5,0,2,8
151.20000000000002,0,45,0,202,0,0,23,2,34,22,0,450,1,0,0,6
151.4,1,36,0,197,1,0,19,2,35,19,1,455,2,0,0,7
151.6,1,38,0,198,2,0,20,4,35,17,0,453,2,0,4,9
151.8,1,31,0,193,3,1,19,1,35,18,0,469,2,0,4,10
152,1,42,0,202,3,0,19,4,35,20,0,460,2,1,1,11
152.20000000000002,0,42,0,199,3,0,21,9,35,15,0,462,1,2,2,11
152.4,0,36,0,194,4,0,20,5,36,13,0,467,1,3,3,11
152.6,1,39,0,200,0,1,18,4,36,17,0,457,1,1,1,10
152.8,1,41,0,206,1,0,16,2,35,18,1,446,1,0,6,11
153,1,41,0,205,4,0,17,4,36,19,0,440,1,0,1,13
153.20000000000002,0,30,0,196,4,0,18,5,36,20,0,431,1,0,4,15
153.4,1,43,0,206,3,0,17,5,36,19,1,436,1,0,2,15
153.60000000000002,0,42,0,203,2,0,19,3,35,15,0,424,2,1,0,14
153.8,1,35,0,197,4,0,18,2,34,17,0,422,2,1,4,16
154,1,43,0,208,5,0,15,1,34,19,1,421,3,1,3,19
154.20000000000002,21,14,0,189,6,0,18,3,34,19,0,431,2,0,29,10
154.4,35,1,0,181,8,0,18,1,35,13,0,436,2,1,31,5
154.60000000000002,44,3,0,182,12,0,20,3,34,19,1,455,2,0,37,8
154.8,49,2,1,180,5,2,21,2,33,19,0,462,4,0,29,4
155,54,1,1,177,7,1,24,2,32,18,0,466,4,0,33,7
155.20000000000002,10,9,1,181,19,3,26,1,34,18,1,476,3,0,21,9
155.4,3,21,0,183,16,3,28,4,34,18,0,479,3,0,4,17
155.60000000000002,1,26,0,189,13,2,21,1,34,21,0,488,3,0,1,18
155.8,1,40,0,199,4,1,22,0,34,17,0,495,3,0,1,19
156,1,37,0,197,1,1,21,1,34,21,0,494,3,0,1,18
156.20000000000002,1,37,0,195,3,0,22,0,34,19,1,497,3,0,2,22
156.4,0,41,0,198,3,1,24,0,35,19,0,493,1,0,2,19
156.60000000000002,1,46,0,203,1,0,25,0,36,19,0,495,1,0,0,21
156.8,0,40,0,201,3,0,21,0,35,16,0,489,2,0,4,21
157,0,41,0,200,2,0,21,1,35,19,0,485,1,0,2,23
157.20000000000002,1,39,0,198,4,0,21,0,34,14,1,464,1,0,4,23
157.4,1,32,0,194,1,0,20,0,35,16,0,466,0,0,5,22
157.60000000000002,1,37,0,198,3,0,20,0,36,19,0,470,1,0,5,23
157.8,1,32,0,193,4,1,21,0,36,18,0,464,1,0,6,23
158,1,31,0,196,8,0,17,0,37,16,0,469,0,0,1,22
158.20000000000002,1,34,0,198,3,0,16,0,36,18,0,461,1,0,3,22
158.4,1,35,0,200,2,0,17,0,36,16,1,462,1,0,3,19
158.60000000000002,1,34,0,204,1,2,10,0,36,18,0,463,1,0,4,19
158.8,1,36,0,199,2,0,17,1,36,16,0,457,0,0,5,20
159,1,42,0,206,2,0,16,0,37,17,0,457,0,0,2,23
159.20000000000002,1,41,0,203,4,0,18,0,37,15,1,460,0,0,1,21
159.4,0,36,0,201,5,0,17,0,37,17,0,456,0,0,3,20
159.60000000000002,1,36,0,201,2,2,17,0,37,15,0,462,0,0,3,20
159.8,1,36,0,203,2,0,16,0,37,19,0,461,0,0,8,21
160,1,28,0,194,10,0,16,0,37,17,1,450,0,0,1,20
160.20000000000002,1,34,0,199,9,0,18,0,37,17,1,456,0,0,3,18
160.4,1,37,0,201,5,1,17,1,37,17,1,446,0,0,0,20
160.60000000000002,1,35,0,195,6,0,20,0,37,18,0,440,0,1,6,17
160.8,1,42,0,203,3,0,19,0,36,17,0,435,0,1,2,18
161,0,44,0,200,1,1,24,0,36,18,0,436,1,0,2,18
161.20000000000002,1,36,0,191,3,1,26,0,37,18,1,435,0,0,3,19
161.4,1,35,0,191,4,0,25,0,37,20,0,441,0,0,2,16
161.60000000000002,1,38,0,193,2,0,25,0,37,19,0,445,0,0,2,15
161.8,1,47,0,202,1,0,26,1,37,16,1,446,0,0,10,16
162,1,39,0,198,3,1,23,1,37,19,0,438,0,0,5,15
162.20000000000002,1,41,0,197,3,1,24,1,37,16,0,436,0,0,1,15
162.4,0,39,0,193,5,0,25,1,37,20,0,440,0,1,2,15
162.60000000000002,1,45,0,203,1,0,22,0,36,17,0,444,1,1,3,16
162.8,0,37,0,200,0,1,20,1,36,18,0,449,1,0,3,10
163,1,38,0,195,3,0,24,0,36,16,0,449,0,0,2,12
163.20000000000002,1,37,0,191,3,0,25,0,37,19,0,454,0,1,1,12
163.4,1,37,0,195,0,0,23,1,37,16,0,455,0,0,2,12
163.60000000000002,1,39,0,196,2,2,23,0,34,17,1,451,1,1,2,10
163.8,0,37,0,194,2,0,23,1,34,17,0,444,3,0,3,11
164,1,46,0,203,1,0,25,0,34,20,0,439,2,0,0,11
164.20000000000002,0,37,0,193,1,1,26,0,35,14,0,442,1,0,4,8
164.4,1,37,0,192,3,1,25,1,36,22,1,437,1,0,2,9
164.60000000000002,1,39,0,197,4,0,24,0,36,16,0,437,1,0,4,10
164.8,1,39,0,198,3,1,23,2,36,17,0,447,0,0,1,8
165,1,31,0,190,3,1,22,1,36,16,0,449,1,0,3,11
165.20000000000002,1,35,0,194,4,0,22,1,36,17,0,440,1,0,2,12
165.4,0,38,0,199,1,0,20,5,36,17,0,441,1,0,1,12
165.60000000000002,1,35,0,196,3,0,19,6,37,18,0,437,0,0,0,11
165.8,0,36,0,201,3,0,16,2,37,15,0,432,0,0,1,10
166,1,41,0,206,1,0,18,2,36,18,0,431,1,0,3,10
166.20000000000002,1,40,0,205,2,0,18,4,36,16,0,426,0,0,3,15
166.4,0,37,0,201,4,1,16,3,37,18,0,429,0,0,0,15
166.60000000000002,1,37,0,199,2,0,19,3,37,16,0,416,0,0,5,11
166.8,1,37,0,200,2,0,17,0,35,17,0,412,0,0,3,17
167,0,44,0,206,2,1,18,3,36,20,0,416,1,0,1,19
167.20000000000002,1,38,0,203,2,0,17,6,36,19,0,414,1,0,2,17
167.4,0,35,0,199,2,0,18,4,36,18,1,415,1,0,4,17
167.60000000000002,1,37,0,204,2,0,13,2,35,19,0,419,1,0,2,17
167.8,1,34,0,198,5,0,15,1,36,17,0,425,1,1,4,16
168,1,41,0,203,4,0,18,1,36,19,0,419,1,0,1,17
168.20000000000002,1,43,0,206,4,1,17,1,35,18,1,415,2,0,5,17
168.4,0,30,0,194,2,0,16,1,34,18,1,408,2,0,6,15
168.60000000000002,1,36,0,199,3,0,19,0,33,16,0,397,3,0,3,15
168.8,1,38,0,202,4,0,20,0,34,16,0,401,3,0,2,15
169,0,28,0,189,3,1,19,0,34,18,0,396,2,1,4,16
169.20000000000002,1,38,0,201,4,1,18,0,36,18,0,397,1,1,3,16
169.4,1,38,0,197,3,0,23,1,36,13,0,409,1,0,3,17
169.60000000000002,1,38,0,197,0,1,23,0,35,16,1,407,1,0,2,16
169.8,1,42,0,201,2,0,23,0,35,19,0,419,2,0,1,16
170,1,36,0,195,6,1,22,0,36,21,0,423,1,0,1,17
170.20000000000002,1,32,0,193,3,0,22,0,36,18,0,426,0,0,3,16
170.4,1,31,0,194,5,1,21,0,37,14,1,424,0,0,6,18
170.60000000000002,1,40,0,198,4,1,21,0,37,18,0,428,0,1,0,17
170.8,1,41,0,199,1,0,21,0,35,16,0,427,0,1,2,20
171,0,40,0,196,3,1,23,0,36,16,0,433,1,2,3,17
171.20000000000002,1,36,0,192,1,0,24,0,36,16,0,433,1,1,1,17
171.4,1,38,0,195,2,0,23,1,36,16,0,433,1,0,2,16
171.60000000000002,1,40,0,199,2,1,22,0,36,17,0,434,1,0,4,15
171.8,1,44,0,202,1,1,22,0,35,18,0,434,2,0,4,15
172,1,48,0,203,2,0,25,0,35,19,0,430,2,1,2,14
172.20000000000002,1,35,0,189,1,1,25,0,35,17,1,430,2,1,0,11
172.4,1,41,0,197,1,0,25,0,35,19,1,427,2,2,8,12
172.60000000000002,1,47,0,206,2,2,23,0,35,18,0,440,2,2,3,13
172.8,1,40,0,198,4,0,21,0,35,16,1,441,2,1,1,16
173,0,34,0,193,4,0,21,0,35,17,1,445,2,2,5,14
173.20000000000002,1,41,0,200,3,0,21,1,35,18,1,440,1,0,3,15
173.4,1,40,0,201,3,0,20,1,35,19,0,434,1,0,7,19
173.60000000000002,1,41,0,200,2,0,21,0,35,16,0,436,2,1,1,19
173.8,1,39,0,197,2,0,23,4,35,22,0,432,2,1,4,16
174,1,39,0,198,5,0,21,7,36,18,1,432,1,0,2,19
174.20000000000002,0,39,0,201,3,0,19,12,36,15,0,422,1,0,2,14
174.4,0,42,0,202,3,0,20,12,36,20,0,419,1,1,6,17
174.60000000000002,1,44,0,207,2,0,17,10,35,21,0,420,2,0,1,18
174.8,0,40,0,203,4,0,18,16,35,19,1,423,2,0,0,16
175,1,38,0,202,2,1,17,9,35,19,0,426,2,0,1,19
175.20000000000002,0,40,0,201,4,0,21,6,34,19,1,425,3,0,1,29
175.4,0,42,0,206,3,0,18,8,34,17,0,410,2,1,7,27
175.60000000000002,1,37,0,199,6,0,20,2,33,20,0,419,4,0,0,31
175.8,0,39,0,203,3,0,19,1,32,19,0,416,5,0,3,35
176,0,36,0,200,5,0,17,0,31,17,1,419,5,0,0,30
176.20000000000002,1,39,0,201,2,0,18,1,34,15,0,421,3,0,2,33
176.4,1,44,0,207,1,0,17,0,34,19,1,418,3,0,1,36
176.60000000000002,0,31,0,196,3,0,16,0,34,17,0,407,1,1,0,39
176.8,1,41,0,201,2,0,19,0,34,19,1,400,2,1,2,40
177,1,36,0,198,1,1,19,3,34,17,0,403,2,0,6,34
177.20000000000002,0,28,0,189,4,0,19,4,35,21,0,399,2,0,0,37
177.4,1,36,0,196,3,0,23,6,35,15,0,396,2,0,0,40
177.60000000000002,1,36,0,198,4,0,20,17,34,20,0,395,3,0,6,40
177.8,1,38,0,202,2,0,18,16,34,16,0,396,3,0,3,37
178,1,39,0,204,2,1,17,21,34,21,0,412,3,0,0,36
178.20000000000002,1,36,0,203,2,0,16,17,35,18,1,404,2,0,6,38
178.4,1,36,0,200,4,0,19,19,35,16,0,411,2,0,5,41
178.60000000000002,1,36,0,202,4,0,17,6,34,13,0,404,3,0,1,33
178.8,1,34,0,197,5,1,19,3,34,19,0,405,3,0,5,41
179,1,36,0,201,4,0,18,1,34,18,0,400,3,0,1,46
179.20000000000002,0,38,0,200,2,2,19,0,35,22,1,390,2,0,3,47
179.4,1,35,0,198,8,1,18,1,35,15,0,397,1,0,0,49
179.60000000000002,1,33,0,198,3,1,17,0,36,15,0,402,1,0,1,55
179.8,1,34,0,201,1,1,15,0,36,18,1,409,1,0,3,53
180,0,38,0,202,3,0,17,1,35,18,1,444,1,1,3,7
180.20000000000002,0,44,0,206,5,1,19,0,35,21,0,443,0,1,2,6
180.4,0,39,0,199,2,0,22,0,35,15,1,444,0,0,3,6
180.60000000000002,1,30,0,191,0,0,21,0,36,18,0,439,0,0,5,7
180.8,1,38,0,197,2,0,23,0,35,17,0,434,1,0,3,6
181,0,36,0,200,5,1,18,1,35,19,0,444,1,0,3,7
181.20000000000002,1,41,0,201,2,0,22,0,35,19,0,446,1,0,4,7
181.4,0,37,0,198,1,0,21,0,35,17,0,436,1,0,4,7
181.60000000000002,0,36,0,199,1,1,20,0,35,17,0,438,1,0,5,6
181.8,1,36,0,199,3,0,20,0,35,18,1,439,1,0,6,6
182,1,35,0,198,3,0,20,0,35,17,0,434,1,0,5,6
182.20000000000002,0,38,0,205,2,0,16,1,34,19,0,427,1,0,3,6
182.4,1,41,0,206,3,1,17,1,35,17,0,435,1,1,1,4
182.60000000000002,1,40,0,203,3,1,19,0,35,21,0,420,0,0,5,4
182.8,0,44,0,207,3,0,20,0,35,21,0,428,0,0,5,5
183,1,37,0,200,2,1,20,0,35,16,0,420,1,0,5,5
183.20000000000002,0,33,0,194,5,0,21,0,35,20,0,422,1,0,1,5
183.4,1,35,0,198,2,0,19,0,35,21,1,424,1,0,4,5
183.60000000000002,1,41,0,203,3,0,21,1,35,16,0,423,1,0,1,5
183.8,1,33,0,200,3,1,17,1,34,17,0,419,2,0,2,5
184,1,35,0,197,1,0,21,0,35,17,1,428,1,0,7,5
184.20000000000002,21,12,0,182,13,2,20,0,35,13,0,443,1,0,34,2
184.4,35,3,1,174,11,1,22,1,33,17,0,455,3,0,36,0
184.60000000000002,43,1,0,163,9,0,29,1,33,18,1,469,2,0,32,1
184.8,49,2,1,160,11,1,28,0,33,19,0,474,2,0,41,1
185,54,2,0,158,7,0,30,0,33,15,0,485,2,0,38,2
185.20000000000002,10,10,0,172,12,1,25,0,34,14,0,500,2,0,23,3
185.4,2,15,0,170,14,2,26,0,33,19,0,504,3,0,9,3
185.60000000000002,1,23,0,179,12,3,21,0,33,18,0,508,3,1,2,3
185.8,1,32,0,187,4,2,22,0,32,20,1,507,2,0,6,3
186,1,31,0,189,2,1,20,0,34,19,1,512,2,0,3,3
186.20000000000002,1,30,0,187,2,1,20,0,34,18,0,508,1,0,4,3
186.4,1,33,0,190,3,1,15,0,33,16,1,502,1,0,3,0
186.60000000000002,0,38,0,190,1,0,20,0,36,18,0,492,0,1,3,3
186.8,1,32,0,188,2,0,15,0,36,21,0,494,0,1,2,3
187,1,38,0,193,2,0,19,0,35,19,0,494,1,0,3,3
187.20000000000002,1,36,0,193,1,1,20,0,35,18,1,490,1,0,1,3
187.4,1,36,0,190,4,0,21,0,36,17,0,486,0,1,0,3
187.60000000000002,1,41,0,200,2,0,18,0,36,20,0,488,0,0,0,3
187.8,1,32,0,191,6,0,20,0,36,15,0,481,0,0,2,3
188,1,35,0,192,6,0,23,0,36,17,1,480,0,0,5,3
188.20000000000002,1,34,0,192,5,0,23,1,36,17,1,480,0,0,7,3
188.4,1,27,0,189,6,2,18,1,35,15,0,477,1,0,5,3
188.60000000000002,1,30,0,191,6,1,19,2,35,17,1,478,1,0,3,3
188.8,1,33,0,193,4,0,20,3,34,15,0,470,1,0,1,2
189,1,38,0,201,2,0,17,5,35,15,0,470,1,0,0,3
189.20000000000002,1,43,0,205,1,0,17,8,35,14,0,476,1,0,10,2
189.4,0,39,0,203,2,0,16,1,32,16,0,475,2,0,2,3
189.60000000000002,0,31,0,202,7,0,11,5,34,19,1,467,2,0,2,3
189.8,1,29,0,195,4,0,14,4,34,17,0,463,2,0,3,6
190,1,34,0,202,0,0,14,3,34,19,0,461,1,1,0,4
190.20000000000002,1,39,0,206,2,1,13,5,34,19,1,460,0,0,3,4
190.4,1,31,0,200,2,0,11,1,35,16,0,450,0,1,5,8
190.60000000000002,0,45,0,213,2,0,12,5,35,19,0,448,1,1,1,11
190.8,0,29,0,204,1,1,9,2,35,21,0,440,1,1,3,11
191,1,38,0,203,3,0,16,3,34,16,0,439,1,0,0,10
191.20000000000002,1,39,0,205,1,0,15,5,34,16,1,433,1,0,3,10
191.4,1,39,0,210,0,0,12,2,34,18,0,434,1,1,4,9
191.60000000000002,1,38,0,207,1,0,10,1,34,16,1,434,1,1,1,9
191.8,1,38,0,206,1,0,11,2,35,18,0,435,1,1,3,9
192,1,35,0,209,0,1,8,3,35,19,0,431,1,0,2,9
192.20000000000002,0,31,0,202,4,0,12,1,35,15,0,445,0,0,0,12
192.4,1,35,0,206,4,0,11,2,36,21,0,447,0,0,3,11
192.60000000000002,1,36,0,206,5,0,11,2,36,18,0,438,0,0,3,11
192.8,1,40,0,212,5,0,10,1,36,20,0,434,0,0,3,13
193,1,46,0,217,4,0,12,2,36,17,0,433,0,0,2,12
193.20000000000002,1,34,0,206,5,1,11,1,36,19,0,427,0,0,2,13
193.4,1,34,0,205,4,0,11,1,36,20,0,423,0,0,4,14
193.60000000000002,1,35,0,205,3,0,14,0,36,21,0,433,0,0,5,15
193.8,1,41,0,213,1,0,13,0,36,17,0,422,0,0,8,14
194,1,37,0,209,5,1,12,0,36,18,0,430,0,0,3,12
194.20000000000002,0,29,0,201,2,0,12,0,36,18,0,424,0,0,1,11
194.4,1,40,0,213,2,0,10,0,35,18,0,428,1,0,0,12
194.60000000000002,1,41,0,211,2,0,12,0,35,16,0,427,1,0,2,13
194.8,1,40,0,208,2,0,15,0,36,18,1,422,0,0,0,13
195,0,33,0,201,5,1,16,0,36,17,0,428,0,0,0,14
195.20000000000002,1,33,0,200,3,0,15,0,36,19,0,438,0,0,2,13
195.4,0,35,0,202,4,0,16,0,36,19,1,437,0,0,3,14
195.60000000000002,1,37,0,206,1,0,16,0,36,18,0,438,0,0,3,13
195.8,1,36,0,204,2,0,17,0,36,18,0,438,0,0,6,11
196,1,34,0,203,1,0,15,0,36,15,0,435,0,1,1,13
196.20000000000002,1,40,0,207,1,1,17,0,35,22,0,433,0,0,3,10
196.4,1,38,0,205,5,1,16,0,36,17,0,427,0,0,5,10
196.60000000000002,1,29,0,198,7,0,16,0,36,18,0,423,0,0,3,11
196.8,0,37,0,206,5,2,14,0,34,18,0,414,0,0,6,10
197,0,37,0,203,4,0,17,2,34,17,0,422,1,0,4,9
197.20000000000002,1,38,0,203,5,0,18,0,35,22,0,418,1,0,2,10
197.4,1,34,0,201,2,1,15,1,35,18,0,418,1,0,0,12
197.60000000000002,1,37,0,207,1,1,13,1,35,18,0,415,1,0,2,13
197.8,1,36,0,207,1,1,13,0,35,19,0,414,1,0,2,13
198,1,43,0,213,4,0,13,0,36,17,0,422,0,0,0,11
198.20000000000002,1,36,0,207,3,0,13,0,36,14,1,425,0,0,0,14
198.4,1,39,0,210,7,0,11,0,36,20,1,433,0,0,2,16
198.60000000000002,1,34,0,200,4,0,15,0,35,20,0,438,0,1,3,16
198.8,0,34,0,203,3,0,14,0,36,14,0,429,0,0,2,15
199,1,43,0,208,3,1,17,0,36,21,0,433,0,1,4,14
199.20000000000002,0,40,0,200,6,0,22,0,36,20,0,423,0,0,3,13
199.4,1,30,0,194,6,0,18,0,36,22,0,420,0,0,2,12
199.60000000000002,1,32,0,202,0,1,14,0,36,18,0,420,0,0,3,13
199.8,0,37,0,203,4,1,16,0,36,19,0,426,0,0,2,16
200,1,33,0,200,4,0,15,0,36,18,0,416,0,0,1,18
200.20000000000002,0,39,0,207,2,0,15,0,36,19,0,418,0,0,4,16
200.4,0,37,0,207,1,0,13,0,36,17,1,418,0,0,1,18
200.60000000000002,1,37,0,204,2,0,15,2,36,16,1,427,0,0,1,18
200.8,1,37,0,207,5,0,13,2,36,18,1,424,0,0,5,18
201,1,32,0,196,5,1,18,1,36,18,1,416,0,0,2,17
201.20000000000002,1,39,0,203,3,0,20,1,35,19,1,422,0,0,2,17
201.4,1,35,0,199,2,0,18,2,35,20,1,424,0,0,7,16
201.60000000000002,0,37,0,199,1,0,21,2,34,20,1,424,1,1,2,16
201.8,1,40,0,200,3,0,22,2,34,16,0,424,2,0,2,16
202,1,42,0,209,1,2,16,1,34,18,1,419,2,0,1,16
202.20000000000002,1,32,0,198,4,0,16,2,34,19,0,424,2,0,5,17
202.4,1,39,0,204,3,0,17,5,34,20,0,417,2,0,1,17
202.60000000000002,1,36,0,205,2,0,13,0,34,20,0,409,2,0,2,20
202.8,0,33,0,202,2,0,13,0,34,16,0,424,2,0,3,18
203,1,37,0,204,3,0,13,0,34,19,0,421,2,2,0,17
203.20000000000002,1,39,0,203,5,0,15,0,34,17,0,432,2,3,2,15
203.4,1,42,0,211,1,1,12,0,34,17,0,433,2,2,6,18
203.60000000000002,1,41,0,208,1,1,14,1,34,19,0,437,2,2,2,16
203.8,1,36,0,204,3,0,16,0,35,17,0,434,1,0,6,15
204,1,41,0,207,5,0,17,0,35,19,0,429,1,0,5,13
204.20000000000002,1,27,0,192,7,0,17,0,35,18,1,439,1,1,4,14
204.4,1,32,0,197,4,0,17,0,36,16,0,439,0,0,1,14
204.60000000000002,1,39,0,206,1,1,16,0,35,16,1,444,0,0,4,11
204.8,0,37,0,200,2,1,18,0,36,17,0,449,0,1,2,12
205,1,37,0,197,1,0,21,0,36,21,1,448,0,1,0,11
205.20000000000002,0,32,0,198,2,0,16,1,35,15,1,442,0,0,4,13
205.4,1,35,0,201,2,0,16,0,35,15,1,441,1,0,4,12
205.60000000000002,1,35,0,204,2,0,13,0,35,17,0,445,1,0,3,12
205.8,0,48,0,216,2,0,14,0,35,18,0,449,1,0,4,11
206,1,42,0,207,2,1,16,0,34,15,0,454,2,1,5,10
206.20000000000002,0,40,0,207,2,0,14,0,34,20,0,450,2,1,3,8
206.4,0,42,0,211,0,0,13,0,33,14,0,443,1,0,0,11
206.60000000000002,0,39,0,210,2,0,11,0,35,17,0,443,1,0,2,11
206.8,0,37,0,208,3,0,11,0,35,17,0,450,1,1,4,13
207,1,35,0,208,2,1,9,1,35,13,0,454,1,1,1,12
207.20000000000002,1,37,0,206,1,1,14,0,35,16,0,449,1,0,5,11
207.4,1,37,0,207,4,1,14,0,35,18,0,444,1,0,0,10
207.60000000000002,1,30,0,204,2,2,11,1,35,20,0,441,1,0,3,12
207.8,1,36,0,203,4,0,16,0,35,19,0,440,0,0,1,9
208,1,37,0,203,2,1,16,0,35,16,1,437,1,0,2,9
208.20000000000002,1,40,0,208,1,0,15,0,34,18,0,442,1,0,1,8
208.4,0,37,0,202,2,0,18,0,33,17,0,447,3,0,0,9
208.60000000000002,1,35,0,203,3,0,14,0,34,20,1,439,2,0,3,9
208.8,1,36,0,202,2,0,17,0,33,19,1,445,3,0,2,5
209,1,40,0,205,4,0,17,0,33,14,1,439,3,0,2,8
209.20000000000002,1,40,0,207,1,0,15,0,33,18,0,435,3,0,0,5
209.4,1,40,0,207,0,0,15,0,34,19,1,435,1,0,3,6
209.60000000000002,0,35,0,202,4,0,15,0,35,16,1,438,1,0,1,8
209.8,1,36,0,204,3,1,15,0,35,20,1,440,1,0,1,8
210,1,39,0,202,3,0,17,1,34,18,0,443,1,0,3,7
210.20000000000002,1,40,0,204,5,0,17,2,35,20,0,448,1,0,3,7
210.4,1,36,0,201,5,1,16,0,35,18,1,442,1,0,0,6
210.60000000000002,0,35,0,202,1,2,16,2,36,20,0,446,0,0,4,5
210.8,0,44,0,207,4,0,17,4,35,18,0,437,0,0,4,6
211,1,32,0,198,4,0,15,6,34,19,0,439,2,0,5,6
211.20000000000002,0,39,0,201,4,0,18,0,34,19,0,428,1,1,8,7
211.4,1,37,0,203,3,0,14,0,35,17,0,434,1,0,0,5
211.60000000000002,1,42,0,214,1,0,8,0,35,19,0,440,1,0,0,6
211.8,0,38,0,207,4,0,11,0,35,20,0,449,1,0,2,7
212,1,39,0,208,4,0,11,0,35,21,0,444,1,0,4,6
212.20000000000002,1,36,0,207,1,2,11,0,35,20,0,441,1,0,4,6
212.4,1,40,0,210,2,0,10,0,34,18,0,440,1,0,1,6
212.60000000000002,1,40,0,208,6,0,11,0,35,19,0,438,1,1,3,5
212.8,1,39,0,206,4,0,13,0,35,19,0,442,1,1,8,5
213,0,39,0,205,3,0,15,0,35,18,0,431,1,0,1,6
213.20000000000002,0,31,0,191,4,0,20,0,35,21,0,436,1,0,1,6
213.4,1,44,0,201,2,0,23,0,35,18,0,435,1,0,1,7
213.60000000000002,0,44,0,203,2,0,22,1,35,21,1,430,1,0,3,6
213.8,0,40,0,196,3,0,25,0,36,19,0,432,0,1,1,6
214,1,44,0,199,2,0,27,0,36,21,0,428,0,0,1,8
214.20000000000002,21,12,0,177,8,3,24,0,36,19,0,429,0,0,30,3
214.4,35,1,0,167,9,1,23,0,34,16,0,435,2,0,32,3
214.60000000000002,44,1,0,160,14,0,30,2,33,17,0,455,1,0,30,2
214.8,50,1,2,171,9,1,29,2,34,20,0,463,1,0,32,0
215,53,2,1,162,8,1,29,1,36,19,0,471,0,0,37,5
215.20000000000002,10,5,0,159,23,2,33,1,36,21,0,484,0,0,15,5
215.4,2,21,0,180,11,3,28,1,34,13,0,499,1,0,8,7
215.60000000000002,1,28,0,177,9,1,31,0,35,18,0,490,1,0,7,8
215.8,1,32,0,181,3,0,32,1,36,21,0,497,0,0,0,11
216,0,40,0,182,5,0,36,0,36,17,1,495,0,0,1,12
216.20000000000002,1,39,0,180,2,0,36,1,36,21,0,490,0,1,4,14
216.4,0,33,0,173,5,0,36,1,36,24,1,484,0,1,0,12
216.60000000000002,1,38,0,179,2,0,34,0,35,22,0,482,0,1,9,15
216.8,0,42,0,186,0,3,31,0,36,22,0,473,0,2,2,14
217,1,45,0,190,2,0,33,0,33,19,1,470,1,1,4,17
217.20000000000002,1,40,0,189,1,1,30,0,33,17,0,480,0,0,5,17
217.4,1,41,0,187,2,1,30,0,34,19,0,481,1,1,1,18
217.60000000000002,1,45,0,193,1,0,29,0,34,19,0,482,1,1,3,21
217.8,1,35,0,189,3,1,26,0,32,20,0,477,3,1,5,21
218,1,35,0,185,6,0,31,1,30,16,0,478,6,0,1,19
218.20000000000002,1,34,0,194,3,0,21,0,30,22,0,467,3,0,9,16
218.4,1,38,0,190,4,0,26,1,33,18,0,458,3,0,4,19
218.60000000000002,1,41,0,196,3,1,24,1,34,23,0,451,2,0,0,21
218.8,0,41,0,197,1,0,24,0,33,18,0,446,3,0,3,20
219,1,42,0,195,2,0,28,0,34,21,0,444,2,0,0,18
219.20000000000002,1,37,0,191,2,1,25,2,34,20,0,439,2,0,3,15
219.4,1,39,0,189,3,1,29,0,35,17,0,434,1,0,3,16
219.60000000000002,0,34,0,190,3,0,27,3,33,18,1,437,2,0,3,14
219.8,1,39,0,194,3,0,25,2,33,18,1,440,3,0,5,14
220,0,33,0,195,1,0,21,1,33,18,0,433,2,0,6,15
220.20000000000002,1,39,0,198,3,0,22,2,34,22,0,430,2,0,2,18
220.4,1,47,0,205,2,0,21,0,35,23,0,433,1,0,2,15
220.60000000000002,0,40,0,198,2,0,21,0,35,20,0,431,1,0,4,16
220.8,1,35,0,199,1,0,17,1,35,20,1,434,1,0,6,15
221,1,40,0,203,1,1,17,0,33,14,0,424,3,0,3,14
221.20000000000002,0,37,0,201,1,1,16,2,33,21,0,429,2,0,2,14
221.4,1,43,0,206,1,0,17,0,34,14,0,431,1,0,2,15
221.60000000000002,1,44,0,210,1,0,15,3,34,15,0,428,1,0,1,13
221.8,0,33,0,201,3,1,13,4,35,18,0,425,1,0,0,15
222,0,41,0,210,1,0,15,3,35,21,0,422,1,0,2,12
222.20000000000002,1,34,0,195,4,0,19,5,35,15,0,410,0,0,3,13
222.4,1,33,0,194,2,1,22,0,36,17,0,411,0,0,3,15
222.60000000000002,0,38,0,196,5,1,24,0,35,18,0,405,1,0,4,13
222.8,1,33,0,189,3,0,24,0,34,20,0,402,1,0,4,12
223,1,39,0,197,0,2,24,2,34,19,1,410,2,0,1,12
223.20000000000002,0,45,0,200,1,1,25,2,35,20,0,402,0,0,3,10
223.4,1,45,0,198,3,0,27,4,33,18,1,405,2,0,4,12
223.60000000000002,0,32,0,186,4,1,27,2,32,21,0,405,4,0,4,14
223.8,1,37,0,190,3,1,29,2,30,20,0,406,6,0,2,13
224,0,37,0,191,4,0,27,2,30,20,0,404,5,0,4,15
224.20000000000002,0,37,0,192,5,1,26,3,29,20,1,402,6,0,4,16
224.4,0,35,0,191,5,1,25,2,30,19,0,396,6,0,4,14
224.60000000000002,1,44,0,197,2,0,28,1,32,23,0,406,4,0,3,15
224.8,0,38,0,193,2,0,26,2,34,22,0,398,2,0,0,15
225,0,36,0,195,2,0,21,0,34,17,0,393,1,0,0,15
225.20000000000002,0,33,0,190,2,0,23,0,35,19,1,395,0,1,1,17
225.4,1,43,0,204,3,1,18,3,36,17,1,390,0,1,2,16
225.60000000000002,1,36,0,203,1,1,14,2,36,19,0,380,0,0,4,13
225.8,0,33,0,197,4,0,18,4,36,19,0,389,0,0,1,14
226,1,38,0,199,4,0,20,5,35,23,0,384,0,0,0,13
226.20000000000002,1,38,0,200,3,0,20,8,35,23,0,382,1,0,1,14
226.4,0,36,0,198,5,0,19,10,36,21,0,383,0,1,1,16
226.60000000000002,1,42,0,204,3,0,18,14,35,20,0,382,1,1,5,15
226.8,1,41,0,204,3,0,18,26,35,18,0,378,1,1,3,15
227,1,41,0,202,1,0,19,23,35,17,0,374,0,0,5,23
227.20000000000002,1,42,0,203,1,0,18,26,36,20,0,369,0,1,0,25
227.4,1,38,0,200,1,0,19,24,34,21,0,371,1,1,6,31
227.60000000000002,0,38,0,197,2,0,21,30,33,21,1,371,2,0,1,32
227.8,1,32,0,190,3,0,22,32,32,18,0,375,3,0,5,31
228,1,38,0,199,3,0,19,32,32,20,0,378,3,0,1,35
228.20000000000002,0,33,0,197,0,0,18,28,34,21,0,376,2,0,2,36
228.4,0,49,0,207,2,0,22,22,32,18,1,380,3,0,3,45
228.60000000000002,1,42,0,202,3,0,20,9,32,21,0,379,3,1,3,48
228.8,1,38,0,198,3,0,20,4,34,18,0,385,1,1,0,49
229,1,45,0,203,2,1,22,1,35,18,0,375,1,1,3,52
229.20000000000002,0,37,0,198,2,0,19,0,35,17,0,367,1,0,5,55
229.4,1,36,0,200,2,0,17,0,35,18,0,368,1,0,1,61
229.60000000000002,1,36,0,199,3,0,19,0,33,17,1,368,3,0,4,58
229.8,1,37,0,200,2,0,19,0,31,17,0,360,4,0,4,55
230,1,40,0,201,1,0,20,2,31,18,0,364,5,0,3,50
230.20000000000002,1,42,0,204,4,0,18,0,31,20,0,366,5,0,0,57
230.4,1,36,0,202,2,0,14,0,32,20,0,378,2,0,1,57
230.60000000000002,0,35,0,204,2,0,12,0,33,19,0,384,2,1,9,58
230.8,0,38,0,209,3,0,10,0,34,19,0,375,2,0,0,59
231,1,38,0,206,0,0,13,0,33,17,1,382,3,0,3,61
231.20000000000002,1,34,0,202,4,0,14,0,33,19,0,372,2,1,0,58
231.4,0,37,0,201,3,1,17,0,34,22,0,374,2,0,1,62
231.60000000000002,1,39,0,208,2,1,14,0,34,18,1,374,2,1,3,58
231.8,0,30,0,196,6,0,15,2,34,18,0,365,2,0,5,61
232,1,38,0,205,5,0,16,1,34,19,1,365,2,0,1,64
232.20000000000002,1,38,0,205,2,0,14,0,34,18,0,363,2,0,0,64
232.4,1,41,0,209,2,0,12,1,33,18,1,360,3,0,3,63
232.60000000000002,0,38,0,205,0,0,14,0,33,23,0,360,3,0,2,55
232.8,1,42,0,207,2,0,15,0,33,15,1,369,3,0,1,60
233,1,41,0,204,3,0,16,0,33,19,0,366,3,1,2,62
233.20000000000002,0,39,0,205,2,0,15,0,33,23,0,364,3,0,0,65
233.4,1,34,0,200,3,0,16,0,33,21,0,363,2,0,6,60
233.60000000000002,1,38,0,207,3,1,11,1,33,21,1,367,2,0,4,63
233.8,1,45,0,214,1,0,12,3,33,19,0,373,1,0,3,63
234,0,40,0,209,3,0,14,2,34,18,1,369,1,0,3,65
234.20000000000002,0,43,0,209,0,0,17,0,35,18,0,375,1,0,1,62
234.4,1,37,0,199,5,0,18,0,35,17,1,383,1,0,7,62
234.60000000000002,1,36,0,200,3,0,18,0,36,19,0,384,0,0,2,62
234.8,1,32,0,196,2,0,17,0,35,20,0,392,1,0,2,61
235,0,49,0,216,2,0,16,0,35,18,0,384,1,1,6,60
235.20000000000002,1,32,0,195,3,0,19,0,33,21,0,383,3,0,2,58
235.4,1,35,0,204,3,1,15,0,32,18,0,377,3,0,2,52
235.60000000000002,1,35,0,201,0,0,17,0,32,18,0,372,3,0,2,57
235.8,1,40,0,210,3,1,11,0,34,22,0,373,2,0,4,56
236,0,39,0,204,3,1,16,0,34,23,0,370,2,0,1,56
236.20000000000002,1,38,0,204,2,0,13,0,33,18,0,365,2,1,1,52
236.4,1,34,0,201,1,1,12,0,33,18,0,371,2,2,0,52
236.60000000000002,1,40,0,205,2,1,15,0,34,15,0,362,2,0,9,49
236.8,1,43,0,208,1,2,15,1,34,20,0,365,2,0,1,46
237,1,41,0,203,5,0,19,4,33,21,0,362,2,0,1,46
237.20000000000002,1,36,0,200,3,0,16,1,34,19,0,365,2,0,0,47
237.4,1,38,0,200,1,0,18,2,34,20,0,365,2,0,4,45
237.60000000000002,1,31,0,197,4,0,15,1,34,19,0,368,2,0,4,47
237.8,0,35,0,195,5,0,19,1,34,18,0,365,2,3,5,48
238,0,39,0,202,2,0,18,0,33,19,1,372,2,2,4,47
238.20000000000002,1,36,0,203,1,0,15,4,34,18,1,361,2,0,0,48
238.4,1,44,0,207,0,0,19,2,35,16,0,357,1,0,2,47
238.60000000000002,1,42,0,203,2,0,20,0,36,22,1,355,0,0,0,47
238.8,1,35,0,195,2,0,21,0,35,18,1,363,0,0,3,51
239,1,31,0,194,4,0,17,2,35,18,0,363,1,2,1,52
239.20000000000002,1,40,0,203,3,0,17,2,35,21,1,359,1,1,0,49
239.4,1,36,0,197,5,1,19,7,35,21,0,355,1,2,2,45
239.60000000000002,1,37,0,197,6,0,20,1,35,20,0,367,1,1,1,43
239.8,1,41,0,200,0,0,20,0,35,20,1,368,1,1,3,50
240,1,38,0,202,3,0,17,0,35,18,0,443,1,0,3,7
240.20000000000002,0,38,0,201,1,0,18,0,35,16,0,451,1,0,1,7
240.4,1,28,0,193,2,0,16,3,35,20,0,450,1,0,5,6
240.60000000000002,1,35,0,201,2,0,16,5,35,18,0,445,0,0,8,6
240.8,1,34,0,201,3,0,14,6,35,16,0,448,1,0,3,5
241,0,37,0,205,4,0,13,0,35,17,0,442,1,0,2,6
241.20000000000002,1,46,0,214,1,0,12,1,35,17,0,446,1,0,2,6
241.4,0,34,0,201,3,0,14,2,35,22,1,442,0,0,1,5
241.60000000000002,0,40,0,206,3,0,15,1,36,20,0,448,0,0,3,5
241.8,1,36,0,203,5,1,17,1,36,18,0,440,0,0,2,4
242,1,40,0,201,6,0,20,6,36,19,1,438,0,0,0,6
242.20000000000002,1,35,0,199,4,0,18,7,36,14,0,444,0,0,0,6
242.4,1,35,0,200,3,0,17,1,35,17,0,438,1,0,5,7
242.60000000000002,1,43,0,211,2,1,12,1,36,17,1,430,0,1,3,8
242.8,1,36,0,200,2,0,17,0,35,19,0,423,0,0,3,8
243,0,40,0,206,1,0,17,0,36,21,1,420,0,0,1,9
243.20000000000002,1,38,0,199,1,0,20,0,36,19,1,419,0,0,4,9
243.4,1,35,0,195,5,0,21,0,36,18,0,420,0,0,8,7
243.60000000000002,1,39,0,200,5,0,19,0,36,17,0,417,0,0,2,7
243.8,1,32,0,194,1,0,19,0,36,19,1,411,0,0,2,7
244,1,39,0,203,2,0,18,0,35,18,0,402,0,0,4,7
244.20000000000002,21,9,1,183,7,0,17,0,34,22,0,408,1,0,31,6
244.4,35,2,2,175,10,2,20,0,33,14,0,422,0,0,40,1
244.60000000000002,44,4,1,175,6,1,23,0,35,16,1,439,0,0,31,0
244.8,49,2,1,172,7,0,20,0,34,18,1,458,2,0,41,2
245,53,0,0,169,4,2,21,1,34,18,1,454,2,0,39,1
245.20000000000002,10,10,0,171,12,2,25,0,35,17,1,456,1,0,22,5
245.4,2,14,0,173,17,2,26,0,34,19,0,459,2,0,5,3
245.60000000000002,1,23,0,180,8,3,22,0,34,17,0,455,2,0,5,10
245.8,1,30,0,185,5,2,23,0,33,17,1,456,3,0,2,10
246,1,29,0,181,4,1,24,2,31,16,1,444,5,0,2,11
246.20000000000002,1,32,0,186,7,0,20,2,31,14,0,451,4,0,3,14
246.4,1,31,0,183,5,0,21,2,33,16,0,442,3,0,1,15
246.60000000000002,1,38,0,190,5,0,20,2,31,18,0,447,5,0,4,16
246.8,1,30,0,184,3,1,22,0,30,17,0,443,5,0,5,12
247,1,30,0,183,2,0,24,0,31,18,0,450,3,0,0,14
247.20000000000002,0,34,0,185,1,1,22,0,30,17,0,448,4,0,1,13
247.4,0,41,0,192,1,1,22,0,30,18,0,446,6,1,2,12
247.60000000000002,0,34,0,191,5,0,19,0,29,16,0,445,7,0,3,12
247.8,1,36,0,194,2,0,17,0,29,21,0,439,6,0,5,12
248,1,41,0,197,1,0,19,0,29,17,1,442,6,1,1,11
248.20000000000002,1,38,0,195,1,0,15,0,31,19,0,447,4,1,3,13
248.4,1,33,0,189,3,0,19,0,33,20,0,448,3,0,3,13
248.60000000000002,1,40,0,199,1,1,17,1,33,19,0,452,1,0,4,12
248.8,0,39,0,200,1,0,18,0,35,18,0,446,1,1,2,13
249,1,43,0,200,2,0,17,0,34,19,0,440,1,0,2,15
249.20000000000002,0,36,0,191,1,0,21,0,33,16,0,445,2,1,0,14
249.4,0,37,0,192,1,0,21,0,33,20,0,449,1,0,0,12
249.60000000000002,0,37,0,196,5,0,19,1,34,16,1,443,1,0,3,12
249.8,1,32,0,194,4,2,15,0,35,16,0,442,1,0,1,15
250,1,35,0,196,3,0,16,0,35,18,1,439,0,0,0,16
250.20000000000002,1,33,0,195,3,0,16,0,35,19,0,450,1,0,2,14
250.4,0,40,0,204,2,0,13,0,33,18,0,450,2,0,6,14
250.60000000000002,1,36,0,197,3,0,15,0,33,16,0,448,3,1,9,11
250.8,1,41,0,200,1,0,21,1,34,14,1,448,1,1,4,13
251,1,44,0,200,3,0,19,0,35,17,0,442,1,1,6,15
251.20000000000002,1,43,0,200,3,0,19,3,33,17,0,440,2,2,1,13
251.4,1,38,0,198,2,0,17,5,34,16,0,434,1,2,2,14
251.60000000000002,0,37,0,191,1,0,23,3,35,18,1,433,1,1,0,15
251.8,0,36,0,191,4,0,23,4,35,21,0,432,1,0,1,16
252,0,38,0,197,1,0,20,1,35,17,0,437,1,0,3,16
252.20000000000002,1,36,0,195,1,0,20,1,33,21,0,426,3,0,4,16
252.4,0,38,0,201,3,0,19,0,32,16,0,422,3,0,1,14
252.60000000000002,0,42,0,205,2,0,17,0,32,20,1,429,3,0,6,17
252.8,0,40,0,203,5,0,17,0,35,18,0,427,1,0,0,18
253,1,37,0,200,2,0,18,1,34,20,1,432,2,0,4,20
253.20000000000002,1,32,0,198,2,0,14,0,34,20,0,436,2,0,2,20
253.4,1,36,0,204,1,0,15,0,33,20,0,438,2,0,0,19
253.60000000000002,1,39,0,207,3,0,12,0,32,19,0,436,3,0,5,21
253.8,0,38,0,209,4,0,9,0,32,16,0,439,4,0,4,19
254,1,39,0,208,5,0,10,0,33,21,1,434,2,0,4,20
254.20000000000002,1,29,0,202,4,2,7,0,34,19,0,429,2,0,4,20
254.4,0,36,0,206,2,0,9,0,34,20,0,435,2,0,1,21
254.60000000000002,1,41,0,211,0,1,10,0,34,16,1,430,2,0,1,22
254.8,1,35,0,205,3,0,9,0,34,17,1,429,1,0,4,23
255,1,41,0,211,2,0,10,0,35,19,1,428,1,0,3,25
255.20000000000002,0,41,0,218,3,0,7,0,36,18,0,433,0,0,4,23
255.4,1,40,0,208,2,0,11,0,35,17,0,432,0,1,3,23
255.60000000000002,0,43,0,212,2,0,11,0,35,17,1,419,0,0,1,28
255.8,1,41,0,211,2,0,11,1,36,16,0,423,0,0,0,25
256,1,41,0,208,3,1,13,0,36,20,0,423,0,0,1,25
256.2,1,31,0,196,6,1,15,0,36,19,0,422,0,0,3,24
256.40000000000003,1,43,0,207,3,0,16,1,36,22,0,415,0,0,2,25
256.6,1,46,0,210,0,0,16,2,36,18,0,416,0,0,2,24
256.8,0,38,0,201,2,0,17,1,36,19,1,416,0,0,2,24
257,1,36,0,201,3,0,16,2,35,18,0,429,1,0,3,25
257.2,0,39,0,207,1,0,14,1,35,15,1,425,1,0,4,24
257.40000000000003,0,38,0,205,2,0,14,1,33,17,0,426,2,0,4,27
257.6,1,44,0,209,3,0,16,0,34,17,0,423,2,0,2,28
257.8,0,33,0,202,3,1,13,2,35,20,0,422,1,0,0,28
258,1,43,0,210,4,1,13,0,35,17,0,432,1,0,2,27
258.2,1,35,0,204,4,0,12,1,35,16,0,429,1,0,3,27
258.40000000000003,1,41,1,211,5,0,11,0,35,20,0,431,1,0,5,31
258.6,1,40,0,210,6,1,13,1,35,16,0,436,1,0,1,30
258.8,0,42,0,208,5,1,13,0,35,14,0,430,1,1,2,25
259,1,37,0,203,3,1,15,0,35,16,0,421,0,0,3,30
259.2,1,41,0,205,5,0,17,0,36,15,0,420,0,0,0,27
259.40000000000003,1,36,0,200,3,0,17,0,36,20,1,416,0,0,5,26
259.6,1,38,0,206,1,1,13,0,35,15,0,420,0,0,5,27
259.8,0,34,0,197,2,1,16,0,36,19,0,422,0,1,3,26
260,0,38,0,205,2,0,14,2,34,19,0,424,1,1,3,27
260.2,1,35,0,200,1,0,16,0,34,18,0,422,1,1,0,24
260.40000000000003,0,40,0,201,3,1,18,2,34,16,0,439,1,2,0,23
260.6,1,43,0,206,2,0,18,2,34,20,0,431,2,1,2,23
260.8,0,35,0,190,4,0,24,3,34,21,0,420,2,2,2,23
261,1,33,0,189,3,0,25,5,33,22,1,418,2,2,1,21
261.2,0,41,0,199,3,0,23,1,34,18,0,411,2,0,5,23
261.40000000000003,1,37,0,194,4,0,23,0,34,16,0,415,2,0,5,20
261.6,1,44,0,200,0,0,25,0,34,16,0,417,2,0,3,24
261.8,1,38,0,196,0,0,25,0,34,18,0,412,2,0,1,22
262,1,47,0,202,2,0,25,1,34,20,1,406,1,0,2,24
262.2,0,35,0,194,4,0,23,0,35,19,0,413,1,0,2,28
262.40000000000003,1,37,0,194,1,1,25,0,35,18,0,413,1,0,10,23
262.6,0,36,0,191,8,0,26,0,36,19,0,413,0,0,3,24
262.8,1,39,0,197,3,1,24,0,34,18,0,418,1,0,4,24
263,1,38,0,197,3,1,23,1,35,15,1,420,1,0,2,21
263.2,1,39,0,204,4,1,18,0,36,19,0,424,0,0,4,19
263.40000000000003,1,42,0,203,3,1,22,0,34,20,0,425,1,0,3,21
263.6,1,39,0,203,1,0,20,0,35,14,1,427,0,0,4,19
263.8,1,37,0,197,3,2,19,0,35,16,0,427,1,1,4,21
264,1,38,0,195,2,0,26,1,35,17,0,420,1,1,6,16
264.2,1,43,0,202,1,0,24,3,35,21,0,423,1,0,0,18
264.40000000000003,1,36,0,194,1,0,24,3,35,19,1,423,1,0,2,15
264.6,0,42,0,202,2,0,22,6,35,20,0,415,1,0,2,13
264.8,1,38,0,195,0,0,23,7,35,15,1,415,1,0,4,16
265,0,42,0,200,4,0,22,5,35,19,1,419,1,0,7,17
265.2,1,37,0,195,3,1,24,4,35,17,0,421,1,0,3,17
265.40000000000003,1,44,0,201,2,0,23,3,35,17,0,431,1,0,9,23
265.6,1,37,0,196,1,0,21,3,35,15,1,431,1,0,2,19
265.8,1,44,0,203,3,0,21,2,35,17,0,432,1,0,5,18
266,0,35,0,197,3,1,18,4,34,18,1,446,1,0,1,18
266.2,1,37,0,196,1,0,22,3,35,21,1,456,1,0,0,18
266.40000000000003,1,41,0,203,4,0,18,2,35,16,0,457,0,0,2,14
266.6,1,36,0,202,2,0,15,2,36,17,0,456,0,0,4,14
266.8,1,40,0,207,2,0,13,3,35,20,0,460,0,0,0,15
267,0,34,0,200,4,0,14,1,35,17,0,460,1,0,5,13
267.2,1,39,0,204,5,0,15,2,35,20,0,452,1,0,4,16
267.40000000000003,1,38,0,207,2,0,12,5,33,19,0,466,2,0,6,18
267.6,1,40,0,203,0,0,17,3,33,17,0,457,2,0,3,17
267.8,1,43,0,208,1,0,15,4,34,19,1,460,2,0,3,17
268,1,42,0,202,2,0,20,2,34,17,0,464,2,1,6,20
268.2,1,41,0,201,5,0,18,7,34,15,1,464,2,2,3,18
268.40000000000003,1,43,0,209,1,0,15,1,34,18,0,447,2,0,3,24
268.6,0,36,0,199,2,0,17,3,34,18,0,454,2,0,8,26
268.8,1,39,0,204,5,0,15,4,33,16,1,452,2,0,2,29
269,1,40,0,208,2,0,14,1,33,16,1,444,3,0,3,29
269.2,1,43,0,210,6,0,14,0,34,17,0,433,2,0,4,25
269.40000000000003,1,45,0,210,3,0,16,0,34,17,0,446,2,0,3,28
269.6,1,35,0,202,2,1,13,0,33,15,0,443,1,1,3,27
269.8,0,36,0,204,4,1,14,1,33,15,0,445,1,0,2,26
270,0,38,0,202,2,0,18,1,34,18,1,444,1,0,3,7
270.2,1,32,0,195,3,0,18,0,35,20,0,443,0,1,4,7
270.40000000000003,1,40,0,201,2,0,21,1,35,16,1,443,0,0,7,6
270.6,1,37,0,196,2,0,23,1,35,16,1,445,0,0,1,4
270.8,1,38,0,201,2,0,20,0,34,17,0,449,1,1,2,4
271,1,43,0,204,1,0,21,0,32,16,0,451,2,2,3,4
271.2,1,41,0,203,2,0,20,0,32,20,0,463,1,1,2,4
271.40000000000003,1,32,0,193,0,0,21,0,34,15,0,469,1,0,1,4
271.6,0,33,0,194,0,0,22,1,35,19,0,459,0,0,2,4
271.8,0,38,0,201,1,0,19,0,35,17,0,460,0,0,4,3
272,0,36,0,198,4,0,20,1,34,18,0,461,0,0,4,3
272.2,1,37,0,203,4,0,18,0,35,18,1,457,0,0,3,4
272.40000000000003,1,37,0,202,3,0,17,0,35,15,0,455,0,0,4,4
272.6,1,41,0,206,5,0,17,1,35,18,0,445,0,0,0,4
272.8,1,34,0,200,5,0,17,0,35,19,1,444,0,0,3,4
273,1,41,0,209,3,0,15,1,35,14,0,443,0,0,3,3
273.2,0,32,0,200,4,0,14,0,34,20,1,447,0,0,1,4
273.40000000000003,1,41,0,206,6,0,16,0,35,17,1,451,0,1,6,3
273.6,1,37,0,203,5,0,16,0,35,18,0,461,0,1,3,4
273.8,1,27,0,200,4,1,11,0,34,18,0,454,1,0,4,3
274,0,30,0,197,7,1,15,0,34,17,0,449,1,0,7,4
274.2,21,16,0,190,9,0,14,0,34,17,0,456,1,0,34,0
274.40000000000003,36,5,0,172,13,1,19,0,34,17,0,450,0,0,35,0
274.6,43,3,1,173,9,1,18,0,35,18,0,458,0,0,35,1
274.8,50,3,1,168,6,1,22,0,34,17,0,472,0,0,36,1
275,53,1,0,161,7,1,27,0,33,17,0,478,1,0,43,0
275.2,10,4,0,162,13,1,30,0,33,19,0,488,2,0,19,1
275.40000000000003,2,14,0,166,11,1,28,0,31,17,0,488,3,2,3,2
275.6,1,23,0,174,11,1,22,0,27,19,0,491,6,0,4,2
275.8,1,27,0,181,1,1,22,0,29,17,1,492,5,0,1,3
276,1,28,0,177,3,1,23,0,29,14,0,494,5,0,0,3
276.2,1,31,0,173,4,1,26,0,27,14,1,488,6,1,1,3
276.40000000000003,1,33,0,178,3,0,22,0,30,18,0,482,5,1,4,3
276.6,1,30,0,180,1,1,20,0,30,19,0,481,4,0,0,3
276.8,1,37,0,187,0,1,21,0,30,14,0,481,4,1,1,3
277,1,33,0,175,1,0,27,1,29,18,0,491,4,1,0,2
277.2,1,33,0,176,3,0,29,0,30,22,0,485,4,1,0,2
277.40000000000003,1,30,0,176,2,0,30,0,29,17,0,482,4,0,2,1
277.6,0,39,0,184,2,1,26,0,29,18,1,474,4,0,0,2
277.8,0,32,0,179,2,2,24,0,30,17,1,470,3,0,4,2
278,1,36,0,184,1,1,27,0,27,20,0,462,5,0,0,1
278.2,1,34,0,176,2,0,34,0,31,15,0,464,4,0,3,1
278.40000000000003,1,32,0,175,4,0,32,0,29,21,0,463,3,0,4,2
278.6,1,37,0,179,3,0,31,0,27,18,0,464,7,1,4,2
278.8,1,39,0,182,1,0,29,0,22,16,0,458,13,0,0,1
279,1,33,0,183,4,0,24,0,22,14,0,454,11,0,4,2
279.2,0,35,0,186,2,3,25,0,22,17,1,448,12,1,2,2
279.40000000000003,1,38,0,186,4,0,25,0,25,21,0,442,8,0,2,2
279.6,1,35,0,183,3,1,28,0,24,17,1,444,8,0,5,1
279.8,1,34,0,186,1,0,25,0,28,17,0,446,6,0,5,2
280,0,43,0,194,1,0,24,0,29,19,0,439,6,0,1,2
280.2,0,37,0,191,2,1,23,2,27,21,0,442,7,1,0,2
280.40000000000003,1,33,0,187,5,0,23,0,26,16,1,446,7,1,0,2
280.6,1,37,0,191,5,1,27,0,28,19,0,443,4,0,1,1
280.8,1,30,0,184,7,0,25,0,32,16,0,454,1,0,2,1
281,1,37,0,192,5,0,28,0,33,19,0,456,1,0,0,1
281.2,0,34,0,188,5,0,26,0,35,19,0,455,0,0,0,1
281.40000000000003,0,38,0,195,0,0,25,0,32,20,0,461,3,0,4,1
281.6,0,38,0,198,1,0,22,0,32,19,0,466,3,0,5,5
281.8,1,36,0,194,6,0,21,0,32,19,1,468,3,0,2,7
282,1,38,0,197,0,0,24,0,32,18,0,469,3,0,3,5
282.2,1,40,0,200,2,0,22,0,33,13,0,461,2,0,2,6
282.40000000000003,1,33,1,193,4,0,22,0,31,16,0,466,4,0,3,7
282.6,1,38,0,197,2,0,20,0,30,18,0,459,4,1,0,7
282.8,1,31,0,192,3,0,20,0,30,18,0,455,5,0,7,5
283,0,37,0,195,4,0,22,0,31,18,1,452,4,0,3,5
283.2,1,41,0,206,1,0,16,0,30,19,0,463,4,0,3,6
283.40000000000003,1,38,0,202,4,0,16,0,31,18,1,465,3,0,4,7
283.6,1,40,0,200,2,0,21,0,30,17,0,471,4,0,0,6
283.8,0,40,0,204,1,0,20,0,30,19,0,473,5,0,3,6
284,1,32,0,195,4,0,18,1,31,17,0,472,4,1,8,8
284.2,1,37,0,200,3,0,19,0,33,18,0,467,2,0,2,7
284.40000000000003,1,36,0,198,2,1,19,0,33,17,1,469,1,0,3,6
284.6,1,38,0,197,5,0,22,0,33,17,0,467,2,0,2,7
284.8,1,41,0,199,1,0,23,0,33,18,0,472,2,0,5,6
285,1,35,0,196,2,0,22,0,34,17,0,467,1,0,4,6
285.2,0,41,0,204,1,2,21,0,33,17,0,476,1,0,2,6
285.40000000000003,1,43,0,201,3,0,23,0,33,22,1,478,2,1,0,6
285.6,1,35,0,195,2,0,21,0,33,17,0,475,2,1,2,5
285.8,0,42,0,206,1,0,19,0,33,20,1,478,2,0,2,5
286,1,40,0,202,2,1,21,0,33,16,0,474,2,0,4,5
286.2,0,35,0,200,4,0,17,1,32,20,0,477,3,0,4,5
286.40000000000003,0,33,0,193,5,2,22,0,31,18,0,473,3,0,4,4
286.6,0,38,0,202,2,1,18,0,32,21,0,459,3,0,3,5
286.8,0,40,0,201,3,0,21,0,32,15,0,459,2,0,1,5
287,0,33,0,194,3,0,21,0,33,17,0,463,2,1,3,5
287.2,1,32,0,192,5,0,22,0,33,20,0,463,2,0,6,5
287.40000000000003,0,34,0,196,6,1,21,1,33,17,0,470,1,0,5,5
287.6,0,35,0,200,2,0,21,1,34,18,0,469,1,0,4,5
287.8,1,29,0,193,1,2,18,0,33,17,0,462,1,0,2,5
288,1,36,0,197,7,0,21,0,35,19,0,462,0,0,5,4
288.2,1,42,0,202,4,1,21,0,35,17,0,456,0,1,1,3
288.40000000000003,1,44,0,203,4,0,23,0,35,18,0,448,0,0,2,4
288.6,0,34,0,196,2,1,22,0,34,17,0,450,1,0,2,4
288.8,0,38,0,194,3,0,26,0,33,18,0,442,0,0,0,4
289,1,32,0,187,1,0,28,0,34,15,0,444,1,0,2,3
289.2,1,37,0,191,1,0,27,1,32,17,0,446,2,1,5,3
289.40000000000003,1,34,0,191,2,1,25,0,33,20,1,451,2,0,0,4
289.6,0,35,0,195,1,1,23,0,33,17,0,465,2,0,8,3
289.8,0,36,0,196,2,0,22,2,32,18,0,454,3,0,1,3
290,1,40,0,198,1,0,25,1,30,18,0,455,4,0,2,3
290.2,1,34,0,195,1,0,22,0,32,18,1,456,3,0,4,3
290.40000000000003,1,37,0,202,5,1,17,0,32,21,0,463,3,0,5,4
290.6,0,31,0,198,6,0,15,0,32,17,0,462,3,0,0,4
290.8,1,35,0,199,3,0,18,0,32,18,1,461,3,0,2,3
291,1,43,0,207,2,0,18,0,32,16,0,455,2,0,2,2
291.2,0,30,0,196,0,0,17,0,33,21,1,459,2,0,4,3
291.40000000000003,1,40,0,202,4,0,19,0,33,18,0,460,2,1,1,2
291.6,0,40,0,206,4,0,17,2,33,18,1,465,2,0,2,2
291.8,1,38,0,202,1,0,18,2,33,16,0,464,1,1,6,2
292,1,42,0,205,2,0,18,0,34,15,0,457,1,1,0,2
292.2,1,40,0,205,1,0,16,0,34,17,0,449,0,1,2,2
292.40000000000003,1,34,0,198,1,1,18,0,34,19,1,451,1,1,1,1
292.6,1,39,0,201,2,0,20,0,34,18,0,459,1,1,3,1
292.8,1,34,0,196,4,0,19,0,34,20,1,457,1,1,2,1
293,1,36,0,201,4,0,17,1,33,21,1,449,0,0,3,0
293.2,0,37,0,201,2,0,18,0,34,19,0,453,0,0,1,0
293.40000000000003,1,42,0,206,2,0,18,2,35,16,0,451,0,0,1,0
293.6,1,40,0,204,4,0,17,0,35,19,0,454,0,1,3,0
293.8,0,36,0,200,2,0,17,0,35,17,0,454,0,1,0,0
294,1,39,0,205,4,0,16,2,35,18,1,456,0,0,0,0
294.2,1,38,0,202,5,0,18,0,35,19,0,449,0,0,0,0
294.40000000000003,1,32,0,198,1,0,17,0,35,21,0,448,0,0,1,0
294.6,1,36,0,201,1,0,16,0,35,16,0,447,0,1,5,0
294.8,1,41,0,209,1,0,14,1,35,18,0,451,0,0,5,0
295,1,39,0,203,2,1,18,0,35,18,0,457,0,0,3,0
295.2,1,37,0,199,3,0,20,0,34,17,0,461,1,0,0,0
295.40000000000003,1,43,0,205,3,0,20,1,34,17,1,461,1,0,1,0
295.6,0,33,0,193,1,0,23,1,34,17,1,453,1,0,4,0
295.8,1,32,0,197,4,1,19,0,34,16,1,464,1,0,3,0
296,0,37,0,202,1,0,17,0,35,16,1,466,0,0,1,0
296.2,1,40,0,206,3,0,17,0,35,21,0,478,0,0,0,0
296.40000000000003,1,36,0,198,5,0,21,0,35,17,0,473,0,1,5,0
296.6,1,39,0,204,1,0,18,0,35,20,1,476,0,0,3,0
296.8,1,40,0,203,2,0,18,0,35,16,0,480,0,1,0,0
297,0,41,0,205,4,0,19,1,34,19,1,482,0,0,4,0
297.2,1,37,0,201,3,0,18,0,34,16,0,481,1,0,1,0
297.40000000000003,1,44,0,210,2,0,16,0,33,17,0,480,2,0,4,0
297.6,0,39,0,206,1,0,17,0,32,16,1,483,3,0,1,0
297.8,0,43,0,208,1,0,18,0,33,19,0,486,2,0,2,0
298,1,36,0,201,5,0,17,0,32,18,0,476,1,0,0,0
298.2,1,35,0,199,3,0,19,4,34,19,0,473,1,0,1,0
298.40000000000003,0,32,0,199,4,0,18,2,34,14,0,467,1,0,1,0
298.6,1,38,0,204,5,1,17,2,34,19,0,468,1,0,4,0
298.8,0,32,0,197,5,0,18,5,34,18,0,472,1,0,2,0
299,1,33,0,199,7,1,18,8,34,20,0,469,0,0,1,0
299.2,1,35,0,201,3,1,17,2,34,17,0,477,0,0,6,0
299.40000000000003,1,34,0,198,7,0,19,1,35,19,0,472,0,0,0,0
299.6,1,38,0,200,9,1,20,5,35,21,0,471,0,1,2,0
299.8,1,33,0,199,4,2,18,1,35,19,0,468,0,0,1,0