!!SBtab	SBtabVersion='1.0' Document='D1_LTP_time_window_SBtab' TableName='E0I' TableTitle='D1_LTP_time_window_SBtab E0I' TableType = 'QuantityMatrix'			
!ID	!Input_Time_S24	>S24	!Input_Time_S48	>S48
E0IT0	0	60	0	20
E0IT1	0.01	60	0.01	20
E0IT2	0.02	60	0.02	489.9088
E0IT3	0.03	60	0.03	827.2034
E0IT4	0.04	60	0.04	1066.5044
E0IT5	0.05	60	0.05	1233.4534
E0IT6	0.06	60	0.06	1347.0405
E0IT7	0.07	60	0.07	1421.3287
E0IT8	0.08	60	0.08	1466.7306
E0IT9	0.09	60	0.09	1490.9548
E0IT10	0.1	60	0.1	1499.7069
E0IT11	0.11	60	0.11	1497.2088
E0IT12	0.12	60	0.12	1486.5831
E0IT13	0.13	60	0.13	1470.1384
E0IT14	0.14	60	0.14	1449.5805
E0IT15	0.15	60	0.15	1426.1681
E0IT16	0.16	60	0.16	1400.8297
E0IT17	0.17	60	0.17	1374.2485
E0IT18	0.18	60	0.18	1346.9265
E0IT19	0.19	60	0.19	1319.2315
E0IT20	0.2	60	0.2	1291.4317
E0IT21	0.21	60	0.21	1263.7221
E0IT22	0.22	60	0.22	1236.2432
E0IT23	0.23	60	0.23	1209.0952
E0IT24	0.24	60	0.24	1182.3488
E0IT25	0.25	60	0.25	1156.0527
E0IT26	0.26	60	0.26	1130.2395
E0IT27	0.27	60	0.27	1104.9299
E0IT28	0.28	60	0.28	1080.1358
E0IT29	0.29	60	0.29	1055.8628
E0IT30	0.3	60	0.3	1032.1119
E0IT31	0.31	60	0.31	1008.8805
E0IT32	0.32	60	0.32	986.164
E0IT33	0.33	60	0.33	963.9556
E0IT34	0.34	60	0.34	942.2475
E0IT35	0.35	60	0.35	921.0311
E0IT36	0.36	60	0.36	900.2972
E0IT37	0.37	60	0.37	880.0363
E0IT38	0.38	60	0.38	860.2387
E0IT39	0.39	60	0.39	840.8946
E0IT40	0.4	60	0.4	821.9941
E0IT41	0.41	60	0.41	803.5276
E0IT42	0.42	60	0.42	785.4853
E0IT43	0.43	60	0.43	767.8578
E0IT44	0.44	60	0.44	750.6358
E0IT45	0.45	60	0.45	733.8099
E0IT46	0.46	60	0.46	717.3713
E0IT47	0.47	60	0.47	701.311
E0IT48	0.48	60	0.48	685.6204
E0IT49	0.49	60	0.49	670.2911
E0IT50	0.5	60	0.5	655.3148
E0IT51	0.51	60	0.51	640.6832
E0IT52	0.52	60	0.52	626.3886
E0IT53	0.53	60	0.53	612.4232
E0IT54	0.54	60	0.54	598.7794
E0IT55	0.55	60	0.55	585.4498
E0IT56	0.56	60	0.56	572.4272
E0IT57	0.57	60	0.57	559.7044
E0IT58	0.58	60	0.58	547.2747
E0IT59	0.59	60	0.59	535.1313
E0IT60	0.6	60	0.6	523.2675
E0IT61	0.61	60	0.61	511.6769
E0IT62	0.62	60	0.62	500.3533
E0IT63	0.63	60	0.63	489.2904
E0IT64	0.64	60	0.64	478.4824
E0IT65	0.65	60	0.65	467.9232
E0IT66	0.66	60	0.66	457.6073
E0IT67	0.67	60	0.67	447.5289
E0IT68	0.68	60	0.68	437.6826
E0IT69	0.69	60	0.69	428.0631
E0IT70	0.7	60	0.7	418.6651
E0IT71	0.71	60	0.71	409.4836
E0IT72	0.72	60	0.72	400.5136
E0IT73	0.73	60	0.73	391.7501
E0IT74	0.74	60	0.74	383.1884
E0IT75	0.75	60	0.75	374.824
E0IT76	0.76	60	0.76	366.6522
E0IT77	0.77	60	0.77	358.6685
E0IT78	0.78	60	0.78	350.8688
E0IT79	0.79	60	0.79	343.2486
E0IT80	0.8	60	0.8	335.804
E0IT81	0.81	60	0.81	328.5308
E0IT82	0.82	60	0.82	321.4252
E0IT83	0.83	60	0.83	314.4832
E0IT84	0.84	60	0.84	307.701
E0IT85	0.85	60	0.85	301.0751
E0IT86	0.86	60	0.86	294.6017
E0IT87	0.87	60	0.87	288.2775
E0IT88	0.88	60	0.88	282.0989
E0IT89	0.89	60	0.89	276.0626
E0IT90	0.9	60	0.9	270.1653
E0IT91	0.91	60	0.91	264.4038
E0IT92	0.92	60	0.92	258.775
E0IT93	0.93	60	0.93	253.2759
E0IT94	0.94	60	0.94	247.9034
E0IT95	0.95	60	0.95	242.6546
E0IT96	0.96	60	0.96	237.5267
E0IT97	0.97	60	0.97	232.517
E0IT98	0.98	60	0.98	227.6226
E0IT99	0.99	60	0.99	222.8409
E0IT100	1	60	1	218.1693
E0IT101	1.01	60	1.01	213.6054
E0IT102	1.02	60	1.02	209.1465
E0IT103	1.03	60	1.03	204.7903
E0IT104	1.04	60	1.04	200.5345
E0IT105	1.05	60	1.05	196.3767
E0IT106	1.06	60	1.06	192.3146
E0IT107	1.07	60	1.07	188.3461
E0IT108	1.08	60	1.08	184.469
E0IT109	1.09	60	1.09	180.6811
E0IT110	1.1	60	1.1	176.9805
E0IT111	1.11	60	1.11	173.3652
E0IT112	1.12	60	1.12	169.8331
E0IT113	1.13	60	1.13	166.3823
E0IT114	1.14	60	1.14	163.011
E0IT115	1.15	60	1.15	159.7174
E0IT116	1.16	60	1.16	156.4996
E0IT117	1.17	60	1.17	153.356
E0IT118	1.18	60	1.18	150.2847
E0IT119	1.19	60	1.19	147.2841
E0IT120	1.2	60	1.2	144.3527
E0IT121	1.21	60	1.21	141.4888
E0IT122	1.22	60	1.22	138.6908
E0IT123	1.23	60	1.23	135.9573
E0IT124	1.24	60	1.24	133.2867
E0IT125	1.25	60	1.25	130.6776
E0IT126	1.26	60	1.26	128.1287
E0IT127	1.27	60	1.27	125.6384
E0IT128	1.28	60	1.28	123.2055
E0IT129	1.29	60	1.29	120.8286
E0IT130	1.3	60	1.3	118.5064
E0IT131	1.31	60	1.31	116.2378
E0IT132	1.32	60	1.32	114.0213
E0IT133	1.33	60	1.33	111.856
E0IT134	1.34	60	1.34	109.7405
E0IT135	1.35	60	1.35	107.6737
E0IT136	1.36	60	1.36	105.6545
E0IT137	1.37	60	1.37	103.6818
E0IT138	1.38	60	1.38	101.7546
E0IT139	1.39	60	1.39	99.8717
E0IT140	1.4	60	1.4	98.0322
E0IT141	1.41	60	1.41	96.2351
E0IT142	1.42	60	1.42	94.4793
E0IT143	1.43	60	1.43	92.764
E0IT144	1.44	60	1.44	91.0882
E0IT145	1.45	60	1.45	89.451
E0IT146	1.46	60	1.46	87.8515
E0IT147	1.47	60	1.47	86.2889
E0IT148	1.48	60	1.48	84.7622
E0IT149	1.49	60	1.49	83.2707
E0IT150	1.5	60	1.5	81.8135
E0IT151	1.51	60	1.51	80.3899
E0IT152	1.52	60	1.52	78.9991
E0IT153	1.53	60	1.53	77.6403
E0IT154	1.54	60	1.54	76.3128
E0IT155	1.55	60	1.55	75.0159
E0IT156	1.56	60	1.56	73.7488
E0IT157	1.57	60	1.57	72.511
E0IT158	1.58	60	1.58	71.3016
E0IT159	1.59	60	1.59	70.1201
E0IT160	1.6	60	1.6	68.9658
E0IT161	1.61	60	1.61	67.8381
E0IT162	1.62	60	1.62	66.7363
E0IT163	1.63	60	1.63	65.66
E0IT164	1.64	60	1.64	64.6084
E0IT165	1.65	60	1.65	63.581
E0IT166	1.66	60	1.66	62.5773
E0IT167	1.67	60	1.67	61.5967
E0IT168	1.68	60	1.68	60.6387
E0IT169	1.69	60	1.69	59.7028
E0IT170	1.7	60	1.7	58.7884
E0IT171	1.71	60	1.71	57.8951
E0IT172	1.72	60	1.72	57.0224
E0IT173	1.73	60	1.73	56.1697
E0IT174	1.74	60	1.74	55.3367
E0IT175	1.75	60	1.75	54.5229
E0IT176	1.76	60	1.76	53.7278
E0IT177	1.77	60	1.77	52.951
E0IT178	1.78	60	1.78	52.1921
E0IT179	1.79	60	1.79	51.4507
E0IT180	1.8	60	1.8	50.7264
E0IT181	1.81	60	1.81	50.0187
E0IT182	1.82	60	1.82	49.3274
E0IT183	1.83	60	1.83	48.652
E0IT184	1.84	60	1.84	47.9921
E0IT185	1.85	60	1.85	47.3474
E0IT186	1.86	60	1.86	46.7176
E0IT187	1.87	60	1.87	46.1023
E0IT188	1.88	60	1.88	45.5011
E0IT189	1.89	60	1.89	44.9138
E0IT190	1.9	60	1.9	44.34
E0IT191	1.91	60	1.91	43.7795
E0IT192	1.92	60	1.92	43.2318
E0IT193	1.93	60	1.93	42.6968
E0IT194	1.94	60	1.94	42.174
E0IT195	1.95	60	1.95	41.6633
E0IT196	1.96	60	1.96	41.1644
E0IT197	1.97	60	1.97	40.677
E0IT198	1.98	60	1.98	40.2008
E0IT199	1.99	60	1.99	39.7356
E0IT200	2	60	2	39.281
E0IT201	2.01	60	2.01	38.837
E0IT202	2.02	60	2.02	38.4031
E0IT203	2.03	60	2.03	37.9793
E0IT204	2.04	60	2.04	37.5652
E0IT205	2.05	60	2.05	37.1607
E0IT206	2.06	60	2.06	36.7655
E0IT207	2.07	60	2.07	36.3794
E0IT208	2.08	60	2.08	36.0021
E0IT209	2.09	60	2.09	35.6336
E0IT210	2.1	60	2.1	35.2735
E0IT211	2.11	60	2.11	34.9218
E0IT212	2.12	60	2.12	34.5781
E0IT213	2.13	60	2.13	34.2424
E0IT214	2.14	60	2.14	33.9144
E0IT215	2.15	60	2.15	33.5939
E0IT216	2.16	60	2.16	33.2808
E0IT217	2.17	60	2.17	32.975
E0IT218	2.18	60	2.18	32.6761
E0IT219	2.19	60	2.19	32.3842
E0IT220	2.2	60	2.2	32.099
E0IT221	2.21	60	2.21	31.8203
E0IT222	2.22	60	2.22	31.5481
E0IT223	2.23	60	2.23	31.2822
E0IT224	2.24	60	2.24	31.0223
E0IT225	2.25	60	2.25	30.7685
E0IT226	2.26	60	2.26	30.5205
E0IT227	2.27	60	2.27	30.2782
E0IT228	2.28	60	2.28	30.0415
E0IT229	2.29	60	2.29	29.8102
E0IT230	2.3	60	2.3	29.5843
E0IT231	2.31	60	2.31	29.3635
E0IT232	2.32	60	2.32	29.1479
E0IT233	2.33	60	2.33	28.9372
E0IT234	2.34	60	2.34	28.7314
E0IT235	2.35	60	2.35	28.5303
E0IT236	2.36	60	2.36	28.3338
E0IT237	2.37	60	2.37	28.1419
E0IT238	2.38	60	2.38	27.9544
E0IT239	2.39	60	2.39	27.7712
E0IT240	2.4	60	2.4	27.5922
E0IT241	2.41	60	2.41	27.4173
E0IT242	2.42	60	2.42	27.2465
E0IT243	2.43	60	2.43	27.0796
E0IT244	2.44	60	2.44	26.9166
E0IT245	2.45	60	2.45	26.7573
E0IT246	2.46	60	2.46	26.6017
E0IT247	2.47	60	2.47	26.4496
E0IT248	2.48	60	2.48	26.3011
E0IT249	2.49	60	2.49	26.156
E0IT250	2.5	60	2.5	26.0142
E0IT251	2.51	60	2.51	25.8757
E0IT252	2.52	60	2.52	25.7404
E0IT253	2.53	60	2.53	25.6082
E0IT254	2.54	60	2.54	25.479
E0IT255	2.55	60	2.55	25.3528
E0IT256	2.56	60	2.56	25.2295
E0IT257	2.57	60	2.57	25.1091
E0IT258	2.58	60	2.58	24.9914
E0IT259	2.59	60	2.59	24.8765
E0IT260	2.6	60	2.6	24.7642
E0IT261	2.61	60	2.61	24.6544
E0IT262	2.62	60	2.62	24.5472
E0IT263	2.63	60	2.63	24.4425
E0IT264	2.64	60	2.64	24.3402
E0IT265	2.65	60	2.65	24.2402
E0IT266	2.66	60	2.66	24.1426
E0IT267	2.67	60	2.67	24.0472
E0IT268	2.68	60	2.68	23.954
E0IT269	2.69	60	2.69	23.8629
E0IT270	2.7	60	2.7	23.7739
E0IT271	2.71	60	2.71	23.687
E0IT272	2.72	60	2.72	23.6021
E0IT273	2.73	60	2.73	23.5192
E0IT274	2.74	60	2.74	23.4381
E0IT275	2.75	60	2.75	23.3589
E0IT276	2.76	60	2.76	23.2816
E0IT277	2.77	60	2.77	23.206
E0IT278	2.78	60	2.78	23.1322
E0IT279	2.79	60	2.79	23.06
E0IT280	2.8	60	2.8	22.9895
E0IT281	2.81	60	2.81	22.9207
E0IT282	2.82	60	2.82	22.8534
E0IT283	2.83	60	2.83	22.7877
E0IT284	2.84	60	2.84	22.7235
E0IT285	2.85	60	2.85	22.6608
E0IT286	2.86	60	2.86	22.5995
E0IT287	2.87	60	2.87	22.5396
E0IT288	2.88	60	2.88	22.4811
E0IT289	2.89	60	2.89	22.424
E0IT290	2.9	60	2.9	22.3682
E0IT291	2.91	60	2.91	22.3136
E0IT292	2.92	60	2.92	22.2604
E0IT293	2.93	60	2.93	22.2083
E0IT294	2.94	60	2.94	22.1574
E0IT295	2.95	60	2.95	22.1078
E0IT296	2.96	60	2.96	22.0592
E0IT297	2.97	60	2.97	22.0118
E0IT298	2.98	60	2.98	21.9655
E0IT299	2.99	60	2.99	21.9202
E0IT300	3	60	3	21.876
E0IT301	3.01	60	3.01	21.8328
E0IT302	3.02	60	3.02	21.7905
E0IT303	3.03	60	3.03	21.7493
E0IT304	3.04	60	3.04	21.709
E0IT305	3.05	60	3.05	21.6697
E0IT306	3.06	60	3.06	21.6312
E0IT307	3.07	60	3.07	21.5936
E0IT308	3.08	60	3.08	21.5569
E0IT309	3.09	60	3.09	21.5211
E0IT310	3.1	60	3.1	21.486
E0IT311	3.11	60	3.11	21.4518
E0IT312	3.12	60	3.12	21.4184
E0IT313	3.13	60	3.13	21.3857
E0IT314	3.14	60	3.14	21.3538
E0IT315	3.15	60	3.15	21.3226
E0IT316	3.16	60	3.16	21.2922
E0IT317	3.17	60	3.17	21.2624
E0IT318	3.18	60	3.18	21.2333
E0IT319	3.19	60	3.19	21.2049
E0IT320	3.2	60	3.2	21.1772
E0IT321	3.21	60	3.21	21.1501
E0IT322	3.22	60	3.22	21.1236
E0IT323	3.23	60	3.23	21.0977
E0IT324	3.24	60	3.24	21.0724
E0IT325	3.25	60	3.25	21.0477
E0IT326	3.26	60	3.26	21.0236
E0IT327	3.27	60	3.27	21
E0IT328	3.28	60	3.28	20.977
E0IT329	3.29	60	3.29	20.9545
E0IT330	3.3	60	3.3	20.9325
E0IT331	3.31	60	3.31	20.911
E0IT332	3.32	60	3.32	20.89
E0IT333	3.33	60	3.33	20.8696
E0IT334	3.34	60	3.34	20.8495
E0IT335	3.35	60	3.35	20.83
E0IT336	3.36	60	3.36	20.8108
E0IT337	3.37	60	3.37	20.7922
E0IT338	3.38	60	3.38	20.7739
E0IT339	3.39	60	3.39	20.7561
E0IT340	3.4	60	3.4	20.7387
E0IT341	3.41	60	3.41	20.7217
E0IT342	3.42	60	3.42	20.7051
E0IT343	3.43	60	3.43	20.6888
E0IT344	3.44	60	3.44	20.673
E0IT345	3.45	60	3.45	20.6575
E0IT346	3.46	60	3.46	20.6423
E0IT347	3.47	60	3.47	20.6275
E0IT348	3.48	60	3.48	20.6131
E0IT349	3.49	60	3.49	20.5989
E0IT350	3.5	60	3.5	20.5852
E0IT351	3.51	60	3.51	20.5717
E0IT352	3.52	60	3.52	20.5585
E0IT353	3.53	60	3.53	20.5456
E0IT354	3.54	60	3.54	20.5331
E0IT355	3.55	60	3.55	20.5208
E0IT356	3.56	60	3.56	20.5088
E0IT357	3.57	60	3.57	20.4971
E0IT358	3.58	60	3.58	20.4856
E0IT359	3.59	60	3.59	20.4745
E0IT360	3.6	60	3.6	20.4635
E0IT361	3.61	60	3.61	20.4529
E0IT362	3.62	60	3.62	20.4424
E0IT363	3.63	60	3.63	20.4322
E0IT364	3.64	60	3.64	20.4223
E0IT365	3.65	60	3.65	20.4126
E0IT366	3.66	60	3.66	20.4031
E0IT367	3.67	60	3.67	20.3938
E0IT368	3.68	60	3.68	20.3847
E0IT369	3.69	60	3.69	20.3758
E0IT370	3.7	60	3.7	20.3672
E0IT371	3.71	60	3.71	20.3587
E0IT372	3.72	60	3.72	20.3505
E0IT373	3.73	60	3.73	20.3424
E0IT374	3.74	60	3.74	20.3345
E0IT375	3.75	60	3.75	20.3268
E0IT376	3.76	60	3.76	20.3193
E0IT377	3.77	60	3.77	20.3119
E0IT378	3.78	60	3.78	20.3047
E0IT379	3.79	60	3.79	20.2977
E0IT380	3.8	60	3.8	20.2909
E0IT381	3.81	60	3.81	20.2842
E0IT382	3.82	60	3.82	20.2776
E0IT383	3.83	60	3.83	20.2712
E0IT384	3.84	60	3.84	20.265
E0IT385	3.85	60	3.85	20.2589
E0IT386	3.86	60	3.86	20.2529
E0IT387	3.87	60	3.87	20.2471
E0IT388	3.88	60	3.88	20.2414
E0IT389	3.89	60	3.89	20.2358
E0IT390	3.9	60	3.9	20.2304
E0IT391	3.91	60	3.91	20.2251
E0IT392	3.92	60	3.92	20.2199
E0IT393	3.93	60	3.93	20.2149
E0IT394	3.94	60	3.94	20.2099
E0IT395	3.95	60	3.95	20.2051
E0IT396	3.96	60	3.96	20.2004
E0IT397	3.97	60	3.97	20.1957
E0IT398	3.98	60	3.98	20.1912
E0IT399	3.99	60	3.99	20.1868
E0IT400	4	60	4	20.1825
E0IT401	4.01	231.7405	4.01	20.1783
E0IT402	4.02	714.6863	4.02	20.1742
E0IT403	4.03	992.5073	4.03	20.1702
E0IT404	4.04	1136.2516	4.04	20.1663
E0IT405	4.05	1193.453	4.05	20.1625
E0IT406	4.06	1195.8226	4.06	20.1587
E0IT407	4.07	1164.4312	4.07	20.1551
E0IT408	4.08	1113.2027	4.08	20.1515
E0IT409	4.09	1051.2663	4.09	20.148
E0IT410	4.1	984.5416	4.1	20.1446
E0IT411	4.11	918.729	4.11	20.1413
E0IT412	4.12	1496.9891	4.12	20.138
E0IT413	4.13	1837.4912	4.13	20.1348
E0IT414	4.14	2022.0517	4.14	20.1317
E0IT415	4.15	2105.4538	4.15	20.1287
E0IT416	4.16	2124.0776	4.16	20.1257
E0IT417	4.17	2085.3414	4.17	20.1228
E0IT418	4.18	2002.9675	4.18	20.12
E0IT419	4.19	1896.1618	4.19	20.1172
E0IT420	4.2	1777.4324	4.2	20.1145
E0IT421	4.21	1530.7523	4.21	20.1119
E0IT422	4.22	2149.1791	4.22	20.1093
E0IT423	4.23	2516.1458	4.23	20.1068
E0IT424	4.24	2717.9862	4.24	20.1043
E0IT425	4.25	2812.5248	4.25	20.1019
E0IT426	4.26	2838.3959	4.26	20.0996
E0IT427	4.27	2796.7752	4.27	20.0973
E0IT428	4.28	2692.064	4.28	20.0951
E0IT429	4.29	2551.6045	4.29	20.0929
E0IT430	4.3	2393.2409	4.3	20.0907
E0IT431	4.31	1974.8282	4.31	20.0886
E0IT432	4.32	2634.8823	4.32	20.0866
E0IT433	4.33	3029.303	4.33	20.0846
E0IT434	4.34	3249.0943	4.34	20.0827
E0IT435	4.35	3355.2254	4.35	20.0808
E0IT436	4.36	3388.4468	4.36	20.0789
E0IT437	4.37	3350.8476	4.37	20.0771
E0IT438	4.38	3233.1772	4.38	20.0753
E0IT439	4.39	3069.1059	4.39	20.0736
E0IT440	4.4	2881.2678	4.4	20.0719
E0IT441	4.41	2684.2579	4.41	20.0702
E0IT442	4.42	2705.9334	4.42	20.0686
E0IT443	4.43	3249.378	4.43	20.067
E0IT444	4.44	3566.9638	4.44	20.0655
E0IT445	4.45	3736.5824	4.45	20.064
E0IT446	4.46	3810.3747	4.46	20.0625
E0IT447	4.47	3820.603	4.47	20.0611
E0IT448	4.48	3737.7709	4.48	20.0596
E0IT449	4.49	3580.514	4.49	20.0583
E0IT450	4.5	3382.0735	4.5	20.0569
E0IT451	4.51	3164.0657	4.51	20.0556
E0IT452	4.52	2699.8801	4.52	20.0543
E0IT453	4.53	3433.4379	4.53	20.0531
E0IT454	4.54	3876.3949	4.54	20.0519
E0IT455	4.55	4127.9771	4.55	20.0507
E0IT456	4.56	4254.6903	4.56	20.0495
E0IT457	4.57	4301.0111	4.57	20.0484
E0IT458	4.58	4276.2491	4.58	20.0473
E0IT459	4.59	4144.2125	4.59	20.0462
E0IT460	4.6	3944.9671	4.6	20.0451
E0IT461	4.61	3710.1862	4.61	20.0441
E0IT462	4.62	3460.3596	4.62	20.043
E0IT463	4.63	3449.8549	4.63	20.0421
E0IT464	4.64	4006.1411	4.64	20.0411
E0IT465	4.65	4332.177	4.65	20.0401
E0IT466	4.66	4507.3027	4.66	20.0392
E0IT467	4.67	4584.6347	4.67	20.0383
E0IT468	4.68	4597.4906	4.68	20.0374
E0IT469	4.69	4502.9889	4.69	20.0366
E0IT470	4.7	4316.4319	4.7	20.0357
E0IT471	4.71	4078.705	4.71	20.0349
E0IT472	4.72	3816.4107	4.72	20.0341
E0IT473	4.73	3398.0443	4.73	20.0333
E0IT474	4.74	4037.7085	4.74	20.0325
E0IT475	4.75	4418.6784	4.75	20.0318
E0IT476	4.76	4629.6719	4.76	20.0311
E0IT477	4.77	4730.1185	4.77	20.0303
E0IT478	4.78	4759.733	4.78	20.0297
E0IT479	4.79	4698.3114	4.79	20.029
E0IT480	4.8	4526.7673	4.8	20.0283
E0IT481	4.81	4292.1826	4.81	20.0276
E0IT482	4.82	4025.6455	4.82	20.027
E0IT483	4.83	2997.2062	4.83	20.0264
E0IT484	4.84	3841.5092	4.84	20.0258
E0IT485	4.85	4357.7154	4.85	20.0252
E0IT486	4.86	4657.3885	4.86	20.0246
E0IT487	4.87	4815.3427	4.87	20.024
E0IT488	4.88	4881.6474	4.88	20.0235
E0IT489	4.89	4882.5151	4.89	20.0229
E0IT490	4.9	4764.0726	4.9	20.0224
E0IT491	4.91	4555.2543	4.91	20.0219
E0IT492	4.92	4296.9419	4.92	20.0214
E0IT493	4.93	4015.6873	4.93	20.0209
E0IT494	4.94	3926.5171	4.94	20.0204
E0IT495	4.95	4514.0222	4.95	20.02
E0IT496	4.96	4860.6132	4.96	20.0195
E0IT497	4.97	5049.1471	4.97	20.019
E0IT498	4.98	5135.1078	4.98	20.0186
E0IT499	4.99	5155.0951	4.99	20.0182
E0IT500	5	5063.9075	5	20.0178
E0IT501	5.01	4863.1653	5.01	20
E0IT502	5.02	4600.9108	5.02	20
E0IT503	5.03	4308.4433	5.03	20
E0IT504	5.04	4005.8689	5.04	20
E0IT505	5.05	3705.8345	5.05	20
E0IT506	5.06	3416.0376	5.06	20
E0IT507	5.07	3140.9121	5.07	20
E0IT508	5.08	2882.7582	5.08	20
E0IT509	5.09	2642.4984	5.09	20
E0IT510	5.1	2420.1822	5.1	20
E0IT511	5.11	2215.321	5.11	20
E0IT512	5.12	2027.1098	5.12	20
E0IT513	5.13	1854.5724	5.13	20
E0IT514	5.14	1696.6558	5.14	20
E0IT515	5.15	1552.29	5.15	20
E0IT516	5.16	1420.4257	5.16	20
E0IT517	5.17	1300.0567	5.17	20
E0IT518	5.18	1190.2321	5.18	20
E0IT519	5.19	1090.0628	5.19	20
E0IT520	5.2	998.7232	5.2	20
E0IT521	5.21	915.4506	5.21	20
E0IT522	5.22	839.5432	5.22	20
E0IT523	5.23	770.3566	5.23	20
E0IT524	5.24	707.3006	5.24	20
E0IT525	5.25	649.8351	5.25	20
E0IT526	5.26	597.4668	5.26	20
E0IT527	5.27	549.7449	5.27	20
E0IT528	5.28	506.2582	5.28	20
E0IT529	5.29	466.6315	5.29	20
E0IT530	5.3	430.5227	5.3	20
E0IT531	5.31	397.6196	5.31	20
E0IT532	5.32	367.638	5.32	20
E0IT533	5.33	340.3186	5.33	20
E0IT534	5.34	315.425	5.34	20
E0IT535	5.35	292.742	5.35	20
E0IT536	5.36	272.0732	5.36	20
E0IT537	5.37	253.2399	5.37	20
E0IT538	5.38	236.0791	5.38	20
E0IT539	5.39	220.4422	5.39	20
E0IT540	5.4	206.1939	5.4	20
E0IT541	5.41	193.211	5.41	20
E0IT542	5.42	181.381	5.42	20
E0IT543	5.43	170.6016	5.43	20
E0IT544	5.44	160.7795	5.44	20
E0IT545	5.45	151.8296	5.45	20
E0IT546	5.46	143.6746	5.46	20
E0IT547	5.47	136.2437	5.47	20
E0IT548	5.48	129.4728	5.48	20
E0IT549	5.49	123.3031	5.49	20
E0IT550	5.5	117.6814	5.5	20
E0IT551	5.51	112.5589	5.51	20
E0IT552	5.52	107.8914	5.52	20
E0IT553	5.53	103.6383	5.53	20
E0IT554	5.54	99.7629	5.54	20
E0IT555	5.55	96.2317	5.55	20
E0IT556	5.56	93.0141	5.56	20
E0IT557	5.57	90.0822	5.57	20
E0IT558	5.58	87.4107	5.58	20
E0IT559	5.59	84.9765	5.59	20
E0IT560	5.6	82.7584	5.6	20
E0IT561	5.61	80.7373	5.61	20
E0IT562	5.62	78.8957	5.62	20
E0IT563	5.63	77.2177	5.63	20
E0IT564	5.64	75.6886	5.64	20
E0IT565	5.65	74.2954	5.65	20
E0IT566	5.66	73.0258	5.66	20
E0IT567	5.67	71.8691	5.67	20
E0IT568	5.68	70.815	5.68	20
E0IT569	5.69	69.8546	5.69	20
E0IT570	5.7	68.9794	5.7	20
E0IT571	5.71	68.182	5.71	20
E0IT572	5.72	67.4554	5.72	20
E0IT573	5.73	66.7933	5.73	20
E0IT574	5.74	66.19	5.74	20
E0IT575	5.75	65.6403	5.75	20
E0IT576	5.76	65.1394	5.76	20
E0IT577	5.77	64.683	5.77	20
E0IT578	5.78	64.2671	5.78	20
E0IT579	5.79	63.8882	5.79	20
E0IT580	5.8	63.5429	5.8	20
E0IT581	5.81	63.2282	5.81	20
E0IT582	5.82	62.9415	5.82	20
E0IT583	5.83	62.6803	5.83	20
E0IT584	5.84	62.4423	5.84	20
E0IT585	5.85	62.2254	5.85	20
E0IT586	5.86	62.0278	5.86	20
E0IT587	5.87	61.8477	5.87	20
E0IT588	5.88	61.6836	5.88	20
E0IT589	5.89	61.5341	5.89	20
E0IT590	5.9	61.3978	5.9	20
E0IT591	5.91	61.2737	5.91	20
E0IT592	5.92	61.1606	5.92	20
E0IT593	5.93	61.0575	5.93	20
E0IT594	5.94	60.9636	5.94	20
E0IT595	5.95	60.878	5.95	20
E0IT596	5.96	60.8001	5.96	20
E0IT597	5.97	60.729	5.97	20
E0IT598	5.98	60.6643	5.98	20
E0IT599	5.99	60.6053	5.99	20
E0IT600	6	60.5515	6	20
E0IT601	6.01	60.5025	6.01	20
E0IT602	6.02	60.4579	6.02	20
E0IT603	6.03	60.4173	6.03	20
E0IT604	6.04	60.3802	6.04	20
E0IT605	6.05	60.3464	6.05	20
E0IT606	6.06	60.3157	6.06	20
E0IT607	6.07	60.2876	6.07	20
E0IT608	6.08	60.2621	6.08	20
E0IT609	6.09	60.2388	6.09	20
E0IT610	6.1	60.2176	6.1	20
E0IT611	6.11	60.1983	6.11	20
E0IT612	6.12	60.1807	6.12	20
E0IT613	6.13	60.1646	6.13	20
E0IT614	6.14	60.15	6.14	20
E0IT615	6.15	60.1367	6.15	20
E0IT616	6.16	60.1245	6.16	20
E0IT617	6.17	60.1135	6.17	20
E0IT618	6.18	60.1034	6.18	20
E0IT619	6.19	60.0942	6.19	20
E0IT620	6.2	60.0859	6.2	20
E0IT621	6.21	60.0782	6.21	20
E0IT622	6.22	60.0713	6.22	20
E0IT623	6.23	60.065	6.23	20
E0IT624	6.24	60.0592	6.24	20
E0IT625	6.25	60.0539	6.25	20
E0IT626	6.26	60.0491	6.26	20
E0IT627	6.27	60.0448	6.27	20
E0IT628	6.28	60.0408	6.28	20
E0IT629	6.29	60.0372	6.29	20
E0IT630	6.3	60.0339	6.3	20
E0IT631	6.31	60.0309	6.31	20
E0IT632	6.32	60.0281	6.32	20
E0IT633	6.33	60.0256	6.33	20
E0IT634	6.34	60.0234	6.34	20
E0IT635	6.35	60.0213	6.35	20
E0IT636	6.36	60.0194	6.36	20
E0IT637	6.37	60.0177	6.37	20
E0IT638	6.38	60.0161	6.38	20
E0IT639	6.39	60.0147	6.39	20
E0IT640	6.4	60.0134	6.4	20
E0IT641	6.41	60.0122	6.41	20
E0IT642	6.42	60.0111	6.42	20
E0IT643	6.43	60.0101	6.43	20
E0IT644	6.44	60.0092	6.44	20
E0IT645	6.45	60.0084	6.45	20
E0IT646	6.46	60.0076	6.46	20
E0IT647	6.47	60.007	6.47	20
E0IT648	6.48	60.0064	6.48	20
E0IT649	6.49	60.0058	6.49	20
E0IT650	6.5	60.0053	6.5	20
E0IT651	6.51	60.0048	6.51	20
E0IT652	6.52	60.0044	6.52	20
E0IT653	6.53	60.004	6.53	20
E0IT654	6.54	60.0036	6.54	20
E0IT655	6.55	60.0033	6.55	20
E0IT656	6.56	60.003	6.56	20
E0IT657	6.57	60.0027	6.57	20
E0IT658	6.58	60.0025	6.58	20
E0IT659	6.59	60.0023	6.59	20
E0IT660	6.6	60.0021	6.6	20
E0IT661	6.61	60.0019	6.61	20
E0IT662	6.62	60.0017	6.62	20
E0IT663	6.63	60.0016	6.63	20
E0IT664	6.64	60.0014	6.64	20
E0IT665	6.65	60.0013	6.65	20
E0IT666	6.66	60.0012	6.66	20
E0IT667	6.67	60.0011	6.67	20
E0IT668	6.68	60.001	6.68	20
E0IT669	6.69	60.0009	6.69	20
E0IT670	6.7	60.0008	6.7	20
E0IT671	6.71	60.0007	6.71	20
E0IT672	6.72	60.0007	6.72	20
E0IT673	6.73	60.0006	6.73	20
E0IT674	6.74	60.0006	6.74	20
E0IT675	6.75	60.0005	6.75	20
E0IT676	6.76	60.0005	6.76	20
E0IT677	6.77	60.0004	6.77	20
E0IT678	6.78	60.0004	6.78	20
E0IT679	6.79	60.0004	6.79	20
E0IT680	6.8	60.0003	6.8	20
E0IT681	6.81	60.0003	6.81	20
E0IT682	6.82	60.0003	6.82	20
E0IT683	6.83	60.0002	6.83	20
E0IT684	6.84	60.0002	6.84	20
E0IT685	6.85	60.0002	6.85	20
E0IT686	6.86	60.0002	6.86	20
E0IT687	6.87	60.0002	6.87	20
E0IT688	6.88	60.0002	6.88	20
E0IT689	6.89	60.0001	6.89	20
E0IT690	6.9	60.0001	6.9	20
E0IT691	6.91	60.0001	6.91	20
E0IT692	6.92	60.0001	6.92	20
E0IT693	6.93	60.0001	6.93	20
E0IT694	6.94	60.0001	6.94	20
E0IT695	6.95	60.0001	6.95	20
E0IT696	6.96	60.0001	6.96	20
E0IT697	6.97	60.0001	6.97	20
E0IT698	6.98	60.0001	6.98	20
E0IT699	6.99	60.0001	6.99	20
E0IT700	7	60.0001	7	20
E0IT701	7.01	60	7.01	20
E0IT702	7.02	60	7.02	20
E0IT703	7.03	60	7.03	20
E0IT704	7.04	60	7.04	20
E0IT705	7.05	60	7.05	20
E0IT706	7.06	60	7.06	20
E0IT707	7.07	60	7.07	20
E0IT708	7.08	60	7.08	20
E0IT709	7.09	60	7.09	20
E0IT710	7.1	60	7.1	20
E0IT711	7.11	60	7.11	20
E0IT712	7.12	60	7.12	20
E0IT713	7.13	60	7.13	20
E0IT714	7.14	60	7.14	20
E0IT715	7.15	60	7.15	20
E0IT716	7.16	60	7.16	20
E0IT717	7.17	60	7.17	20
E0IT718	7.18	60	7.18	20
E0IT719	7.19	60	7.19	20
E0IT720	7.2	60	7.2	20
E0IT721	7.21	60	7.21	20
E0IT722	7.22	60	7.22	20
E0IT723	7.23	60	7.23	20
E0IT724	7.24	60	7.24	20
E0IT725	7.25	60	7.25	20
E0IT726	7.26	60	7.26	20
E0IT727	7.27	60	7.27	20
E0IT728	7.28	60	7.28	20
E0IT729	7.29	60	7.29	20
E0IT730	7.3	60	7.3	20
E0IT731	7.31	60	7.31	20
E0IT732	7.32	60	7.32	20
E0IT733	7.33	60	7.33	20
E0IT734	7.34	60	7.34	20
E0IT735	7.35	60	7.35	20
E0IT736	7.36	60	7.36	20
E0IT737	7.37	60	7.37	20
E0IT738	7.38	60	7.38	20
E0IT739	7.39	60	7.39	20
E0IT740	7.4	60	7.4	20
E0IT741	7.41	60	7.41	20
E0IT742	7.42	60	7.42	20
E0IT743	7.43	60	7.43	20
E0IT744	7.44	60	7.44	20
E0IT745	7.45	60	7.45	20
E0IT746	7.46	60	7.46	20
E0IT747	7.47	60	7.47	20
E0IT748	7.48	60	7.48	20
E0IT749	7.49	60	7.49	20
E0IT750	7.5	60	7.5	20
E0IT751	7.51	60	7.51	20
E0IT752	7.52	60	7.52	20
E0IT753	7.53	60	7.53	20
E0IT754	7.54	60	7.54	20
E0IT755	7.55	60	7.55	20
E0IT756	7.56	60	7.56	20
E0IT757	7.57	60	7.57	20
E0IT758	7.58	60	7.58	20
E0IT759	7.59	60	7.59	20
E0IT760	7.6	60	7.6	20
E0IT761	7.61	60	7.61	20
E0IT762	7.62	60	7.62	20
E0IT763	7.63	60	7.63	20
E0IT764	7.64	60	7.64	20
E0IT765	7.65	60	7.65	20
E0IT766	7.66	60	7.66	20
E0IT767	7.67	60	7.67	20
E0IT768	7.68	60	7.68	20
E0IT769	7.69	60	7.69	20
E0IT770	7.7	60	7.7	20
E0IT771	7.71	60	7.71	20
E0IT772	7.72	60	7.72	20
E0IT773	7.73	60	7.73	20
E0IT774	7.74	60	7.74	20
E0IT775	7.75	60	7.75	20
E0IT776	7.76	60	7.76	20
E0IT777	7.77	60	7.77	20
E0IT778	7.78	60	7.78	20
E0IT779	7.79	60	7.79	20
E0IT780	7.8	60	7.8	20
E0IT781	7.81	60	7.81	20
E0IT782	7.82	60	7.82	20
E0IT783	7.83	60	7.83	20
E0IT784	7.84	60	7.84	20
E0IT785	7.85	60	7.85	20
E0IT786	7.86	60	7.86	20
E0IT787	7.87	60	7.87	20
E0IT788	7.88	60	7.88	20
E0IT789	7.89	60	7.89	20
E0IT790	7.9	60	7.9	20
E0IT791	7.91	60	7.91	20
E0IT792	7.92	60	7.92	20
E0IT793	7.93	60	7.93	20
E0IT794	7.94	60	7.94	20
E0IT795	7.95	60	7.95	20
E0IT796	7.96	60	7.96	20
E0IT797	7.97	60	7.97	20
E0IT798	7.98	60	7.98	20
E0IT799	7.99	60	7.99	20
E0IT800	8	60	8	20
E0IT801	8.01	60	8.01	20
E0IT802	8.02	60	8.02	20
E0IT803	8.03	60	8.03	20
E0IT804	8.04	60	8.04	20
E0IT805	8.05	60	8.05	20
E0IT806	8.06	60	8.06	20
E0IT807	8.07	60	8.07	20
E0IT808	8.08	60	8.08	20
E0IT809	8.09	60	8.09	20
E0IT810	8.1	60	8.1	20
E0IT811	8.11	60	8.11	20
E0IT812	8.12	60	8.12	20
E0IT813	8.13	60	8.13	20
E0IT814	8.14	60	8.14	20
E0IT815	8.15	60	8.15	20
E0IT816	8.16	60	8.16	20
E0IT817	8.17	60	8.17	20
E0IT818	8.18	60	8.18	20
E0IT819	8.19	60	8.19	20
E0IT820	8.2	60	8.2	20
E0IT821	8.21	60	8.21	20
E0IT822	8.22	60	8.22	20
E0IT823	8.23	60	8.23	20
E0IT824	8.24	60	8.24	20
E0IT825	8.25	60	8.25	20
E0IT826	8.26	60	8.26	20
E0IT827	8.27	60	8.27	20
E0IT828	8.28	60	8.28	20
E0IT829	8.29	60	8.29	20
E0IT830	8.3	60	8.3	20
E0IT831	8.31	60	8.31	20
E0IT832	8.32	60	8.32	20
E0IT833	8.33	60	8.33	20
E0IT834	8.34	60	8.34	20
E0IT835	8.35	60	8.35	20
E0IT836	8.36	60	8.36	20
E0IT837	8.37	60	8.37	20
E0IT838	8.38	60	8.38	20
E0IT839	8.39	60	8.39	20
E0IT840	8.4	60	8.4	20
E0IT841	8.41	60	8.41	20
E0IT842	8.42	60	8.42	20
E0IT843	8.43	60	8.43	20
E0IT844	8.44	60	8.44	20
E0IT845	8.45	60	8.45	20
E0IT846	8.46	60	8.46	20
E0IT847	8.47	60	8.47	20
E0IT848	8.48	60	8.48	20
E0IT849	8.49	60	8.49	20
E0IT850	8.5	60	8.5	20
E0IT851	8.51	60	8.51	20
E0IT852	8.52	60	8.52	20
E0IT853	8.53	60	8.53	20
E0IT854	8.54	60	8.54	20
E0IT855	8.55	60	8.55	20
E0IT856	8.56	60	8.56	20
E0IT857	8.57	60	8.57	20
E0IT858	8.58	60	8.58	20
E0IT859	8.59	60	8.59	20
E0IT860	8.6	60	8.6	20
E0IT861	8.61	60	8.61	20
E0IT862	8.62	60	8.62	20
E0IT863	8.63	60	8.63	20
E0IT864	8.64	60	8.64	20
E0IT865	8.65	60	8.65	20
E0IT866	8.66	60	8.66	20
E0IT867	8.67	60	8.67	20
E0IT868	8.68	60	8.68	20
E0IT869	8.69	60	8.69	20
E0IT870	8.7	60	8.7	20
E0IT871	8.71	60	8.71	20
E0IT872	8.72	60	8.72	20
E0IT873	8.73	60	8.73	20
E0IT874	8.74	60	8.74	20
E0IT875	8.75	60	8.75	20
E0IT876	8.76	60	8.76	20
E0IT877	8.77	60	8.77	20
E0IT878	8.78	60	8.78	20
E0IT879	8.79	60	8.79	20
E0IT880	8.8	60	8.8	20
E0IT881	8.81	60	8.81	20
E0IT882	8.82	60	8.82	20
E0IT883	8.83	60	8.83	20
E0IT884	8.84	60	8.84	20
E0IT885	8.85	60	8.85	20
E0IT886	8.86	60	8.86	20
E0IT887	8.87	60	8.87	20
E0IT888	8.88	60	8.88	20
E0IT889	8.89	60	8.89	20
E0IT890	8.9	60	8.9	20
E0IT891	8.91	60	8.91	20
E0IT892	8.92	60	8.92	20
E0IT893	8.93	60	8.93	20
E0IT894	8.94	60	8.94	20
E0IT895	8.95	60	8.95	20
E0IT896	8.96	60	8.96	20
E0IT897	8.97	60	8.97	20
E0IT898	8.98	60	8.98	20
E0IT899	8.99	60	8.99	20
E0IT900	9	60	9	20
E0IT901	9.01	60	9.01	20
E0IT902	9.02	60	9.02	20
E0IT903	9.03	60	9.03	20
E0IT904	9.04	60	9.04	20
E0IT905	9.05	60	9.05	20
E0IT906	9.06	60	9.06	20
E0IT907	9.07	60	9.07	20
E0IT908	9.08	60	9.08	20
E0IT909	9.09	60	9.09	20
E0IT910	9.1	60	9.1	20
E0IT911	9.11	60	9.11	20
E0IT912	9.12	60	9.12	20
E0IT913	9.13	60	9.13	20
E0IT914	9.14	60	9.14	20
E0IT915	9.15	60	9.15	20
E0IT916	9.16	60	9.16	20
E0IT917	9.17	60	9.17	20
E0IT918	9.18	60	9.18	20
E0IT919	9.19	60	9.19	20
E0IT920	9.2	60	9.2	20
E0IT921	9.21	60	9.21	20
E0IT922	9.22	60	9.22	20
E0IT923	9.23	60	9.23	20
E0IT924	9.24	60	9.24	20
E0IT925	9.25	60	9.25	20
E0IT926	9.26	60	9.26	20
E0IT927	9.27	60	9.27	20
E0IT928	9.28	60	9.28	20
E0IT929	9.29	60	9.29	20
E0IT930	9.3	60	9.3	20
E0IT931	9.31	60	9.31	20
E0IT932	9.32	60	9.32	20
E0IT933	9.33	60	9.33	20
E0IT934	9.34	60	9.34	20
E0IT935	9.35	60	9.35	20
E0IT936	9.36	60	9.36	20
E0IT937	9.37	60	9.37	20
E0IT938	9.38	60	9.38	20
E0IT939	9.39	60	9.39	20
E0IT940	9.4	60	9.4	20
E0IT941	9.41	60	9.41	20
E0IT942	9.42	60	9.42	20
E0IT943	9.43	60	9.43	20
E0IT944	9.44	60	9.44	20
E0IT945	9.45	60	9.45	20
E0IT946	9.46	60	9.46	20
E0IT947	9.47	60	9.47	20
E0IT948	9.48	60	9.48	20
E0IT949	9.49	60	9.49	20
E0IT950	9.5	60	9.5	20
E0IT951	9.51	60	9.51	20
E0IT952	9.52	60	9.52	20
E0IT953	9.53	60	9.53	20
E0IT954	9.54	60	9.54	20
E0IT955	9.55	60	9.55	20
E0IT956	9.56	60	9.56	20
E0IT957	9.57	60	9.57	20
E0IT958	9.58	60	9.58	20
E0IT959	9.59	60	9.59	20
E0IT960	9.6	60	9.6	20
E0IT961	9.61	60	9.61	20
E0IT962	9.62	60	9.62	20
E0IT963	9.63	60	9.63	20
E0IT964	9.64	60	9.64	20
E0IT965	9.65	60	9.65	20
E0IT966	9.66	60	9.66	20
E0IT967	9.67	60	9.67	20
E0IT968	9.68	60	9.68	20
E0IT969	9.69	60	9.69	20
E0IT970	9.7	60	9.7	20
E0IT971	9.71	60	9.71	20
E0IT972	9.72	60	9.72	20
E0IT973	9.73	60	9.73	20
E0IT974	9.74	60	9.74	20
E0IT975	9.75	60	9.75	20
E0IT976	9.76	60	9.76	20
E0IT977	9.77	60	9.77	20
E0IT978	9.78	60	9.78	20
E0IT979	9.79	60	9.79	20
E0IT980	9.8	60	9.8	20
E0IT981	9.81	60	9.81	20
E0IT982	9.82	60	9.82	20
E0IT983	9.83	60	9.83	20
E0IT984	9.84	60	9.84	20
E0IT985	9.85	60	9.85	20
E0IT986	9.86	60	9.86	20
E0IT987	9.87	60	9.87	20
E0IT988	9.88	60	9.88	20
E0IT989	9.89	60	9.89	20
E0IT990	9.9	60	9.9	20
E0IT991	9.91	60	9.91	20
E0IT992	9.92	60	9.92	20
E0IT993	9.93	60	9.93	20
E0IT994	9.94	60	9.94	20
E0IT995	9.95	60	9.95	20
E0IT996	9.96	60	9.96	20
E0IT997	9.97	60	9.97	20
E0IT998	9.98	60	9.98	20
E0IT999	9.99	60	9.99	20
E0IT1000	10	60	10	20
E0IT1001	10.01	60	10.01	20
E0IT1002	10.02	60	10.02	20
E0IT1003	10.03	60	10.03	20
E0IT1004	10.04	60	10.04	20
E0IT1005	10.05	60	10.05	20
E0IT1006	10.06	60	10.06	20
E0IT1007	10.07	60	10.07	20
E0IT1008	10.08	60	10.08	20
E0IT1009	10.09	60	10.09	20
E0IT1010	10.1	60	10.1	20
E0IT1011	10.11	60	10.11	20
E0IT1012	10.12	60	10.12	20
E0IT1013	10.13	60	10.13	20
E0IT1014	10.14	60	10.14	20
E0IT1015	10.15	60	10.15	20
E0IT1016	10.16	60	10.16	20
E0IT1017	10.17	60	10.17	20
E0IT1018	10.18	60	10.18	20
E0IT1019	10.19	60	10.19	20
E0IT1020	10.2	60	10.2	20
E0IT1021	10.21	60	10.21	20
E0IT1022	10.22	60	10.22	20
E0IT1023	10.23	60	10.23	20
E0IT1024	10.24	60	10.24	20
E0IT1025	10.25	60	10.25	20
E0IT1026	10.26	60	10.26	20
E0IT1027	10.27	60	10.27	20
E0IT1028	10.28	60	10.28	20
E0IT1029	10.29	60	10.29	20
E0IT1030	10.3	60	10.3	20
E0IT1031	10.31	60	10.31	20
E0IT1032	10.32	60	10.32	20
E0IT1033	10.33	60	10.33	20
E0IT1034	10.34	60	10.34	20
E0IT1035	10.35	60	10.35	20
E0IT1036	10.36	60	10.36	20
E0IT1037	10.37	60	10.37	20
E0IT1038	10.38	60	10.38	20
E0IT1039	10.39	60	10.39	20
E0IT1040	10.4	60	10.4	20
E0IT1041	10.41	60	10.41	20
E0IT1042	10.42	60	10.42	20
E0IT1043	10.43	60	10.43	20
E0IT1044	10.44	60	10.44	20
E0IT1045	10.45	60	10.45	20
E0IT1046	10.46	60	10.46	20
E0IT1047	10.47	60	10.47	20
E0IT1048	10.48	60	10.48	20
E0IT1049	10.49	60	10.49	20
E0IT1050	10.5	60	10.5	20
E0IT1051	10.51	60	10.51	20
E0IT1052	10.52	60	10.52	20
E0IT1053	10.53	60	10.53	20
E0IT1054	10.54	60	10.54	20
E0IT1055	10.55	60	10.55	20
E0IT1056	10.56	60	10.56	20
E0IT1057	10.57	60	10.57	20
E0IT1058	10.58	60	10.58	20
E0IT1059	10.59	60	10.59	20
E0IT1060	10.6	60	10.6	20
E0IT1061	10.61	60	10.61	20
E0IT1062	10.62	60	10.62	20
E0IT1063	10.63	60	10.63	20
E0IT1064	10.64	60	10.64	20
E0IT1065	10.65	60	10.65	20
E0IT1066	10.66	60	10.66	20
E0IT1067	10.67	60	10.67	20
E0IT1068	10.68	60	10.68	20
E0IT1069	10.69	60	10.69	20
E0IT1070	10.7	60	10.7	20
E0IT1071	10.71	60	10.71	20
E0IT1072	10.72	60	10.72	20
E0IT1073	10.73	60	10.73	20
E0IT1074	10.74	60	10.74	20
E0IT1075	10.75	60	10.75	20
E0IT1076	10.76	60	10.76	20
E0IT1077	10.77	60	10.77	20
E0IT1078	10.78	60	10.78	20
E0IT1079	10.79	60	10.79	20
E0IT1080	10.8	60	10.8	20
E0IT1081	10.81	60	10.81	20
E0IT1082	10.82	60	10.82	20
E0IT1083	10.83	60	10.83	20
E0IT1084	10.84	60	10.84	20
E0IT1085	10.85	60	10.85	20
E0IT1086	10.86	60	10.86	20
E0IT1087	10.87	60	10.87	20
E0IT1088	10.88	60	10.88	20
E0IT1089	10.89	60	10.89	20
E0IT1090	10.9	60	10.9	20
E0IT1091	10.91	60	10.91	20
E0IT1092	10.92	60	10.92	20
E0IT1093	10.93	60	10.93	20
E0IT1094	10.94	60	10.94	20
E0IT1095	10.95	60	10.95	20
E0IT1096	10.96	60	10.96	20
E0IT1097	10.97	60	10.97	20
E0IT1098	10.98	60	10.98	20
E0IT1099	10.99	60	10.99	20
E0IT1100	11	60	11	20
E0IT1101	11.01	60	11.01	20
E0IT1102	11.02	60	11.02	20
E0IT1103	11.03	60	11.03	20
E0IT1104	11.04	60	11.04	20
E0IT1105	11.05	60	11.05	20
E0IT1106	11.06	60	11.06	20
E0IT1107	11.07	60	11.07	20
E0IT1108	11.08	60	11.08	20
E0IT1109	11.09	60	11.09	20
E0IT1110	11.1	60	11.1	20
E0IT1111	11.11	60	11.11	20
E0IT1112	11.12	60	11.12	20
E0IT1113	11.13	60	11.13	20
E0IT1114	11.14	60	11.14	20
E0IT1115	11.15	60	11.15	20
E0IT1116	11.16	60	11.16	20
E0IT1117	11.17	60	11.17	20
E0IT1118	11.18	60	11.18	20
E0IT1119	11.19	60	11.19	20
E0IT1120	11.2	60	11.2	20
E0IT1121	11.21	60	11.21	20
E0IT1122	11.22	60	11.22	20
E0IT1123	11.23	60	11.23	20
E0IT1124	11.24	60	11.24	20
E0IT1125	11.25	60	11.25	20
E0IT1126	11.26	60	11.26	20
E0IT1127	11.27	60	11.27	20
E0IT1128	11.28	60	11.28	20
E0IT1129	11.29	60	11.29	20
E0IT1130	11.3	60	11.3	20
E0IT1131	11.31	60	11.31	20
E0IT1132	11.32	60	11.32	20
E0IT1133	11.33	60	11.33	20
E0IT1134	11.34	60	11.34	20
E0IT1135	11.35	60	11.35	20
E0IT1136	11.36	60	11.36	20
E0IT1137	11.37	60	11.37	20
E0IT1138	11.38	60	11.38	20
E0IT1139	11.39	60	11.39	20
E0IT1140	11.4	60	11.4	20
E0IT1141	11.41	60	11.41	20
E0IT1142	11.42	60	11.42	20
E0IT1143	11.43	60	11.43	20
E0IT1144	11.44	60	11.44	20
E0IT1145	11.45	60	11.45	20
E0IT1146	11.46	60	11.46	20
E0IT1147	11.47	60	11.47	20
E0IT1148	11.48	60	11.48	20
E0IT1149	11.49	60	11.49	20
E0IT1150	11.5	60	11.5	20
E0IT1151	11.51	60	11.51	20
E0IT1152	11.52	60	11.52	20
E0IT1153	11.53	60	11.53	20
E0IT1154	11.54	60	11.54	20
E0IT1155	11.55	60	11.55	20
E0IT1156	11.56	60	11.56	20
E0IT1157	11.57	60	11.57	20
E0IT1158	11.58	60	11.58	20
E0IT1159	11.59	60	11.59	20
E0IT1160	11.6	60	11.6	20
E0IT1161	11.61	60	11.61	20
E0IT1162	11.62	60	11.62	20
E0IT1163	11.63	60	11.63	20
E0IT1164	11.64	60	11.64	20
E0IT1165	11.65	60	11.65	20
E0IT1166	11.66	60	11.66	20
E0IT1167	11.67	60	11.67	20
E0IT1168	11.68	60	11.68	20
E0IT1169	11.69	60	11.69	20
E0IT1170	11.7	60	11.7	20
E0IT1171	11.71	60	11.71	20
E0IT1172	11.72	60	11.72	20
E0IT1173	11.73	60	11.73	20
E0IT1174	11.74	60	11.74	20
E0IT1175	11.75	60	11.75	20
E0IT1176	11.76	60	11.76	20
E0IT1177	11.77	60	11.77	20
E0IT1178	11.78	60	11.78	20
E0IT1179	11.79	60	11.79	20
E0IT1180	11.8	60	11.8	20
E0IT1181	11.81	60	11.81	20
E0IT1182	11.82	60	11.82	20
E0IT1183	11.83	60	11.83	20
E0IT1184	11.84	60	11.84	20
E0IT1185	11.85	60	11.85	20
E0IT1186	11.86	60	11.86	20
E0IT1187	11.87	60	11.87	20
E0IT1188	11.88	60	11.88	20
E0IT1189	11.89	60	11.89	20
E0IT1190	11.9	60	11.9	20
E0IT1191	11.91	60	11.91	20
E0IT1192	11.92	60	11.92	20
E0IT1193	11.93	60	11.93	20
E0IT1194	11.94	60	11.94	20
E0IT1195	11.95	60	11.95	20
E0IT1196	11.96	60	11.96	20
E0IT1197	11.97	60	11.97	20
E0IT1198	11.98	60	11.98	20
E0IT1199	11.99	60	11.99	20
E0IT1200	12	60	12	20
E0IT1201	12.01	60	12.01	20
E0IT1202	12.02	60	12.02	20
E0IT1203	12.03	60	12.03	20
E0IT1204	12.04	60	12.04	20
E0IT1205	12.05	60	12.05	20
E0IT1206	12.06	60	12.06	20
E0IT1207	12.07	60	12.07	20
E0IT1208	12.08	60	12.08	20
E0IT1209	12.09	60	12.09	20
E0IT1210	12.1	60	12.1	20
E0IT1211	12.11	60	12.11	20
E0IT1212	12.12	60	12.12	20
E0IT1213	12.13	60	12.13	20
E0IT1214	12.14	60	12.14	20
E0IT1215	12.15	60	12.15	20
E0IT1216	12.16	60	12.16	20
E0IT1217	12.17	60	12.17	20
E0IT1218	12.18	60	12.18	20
E0IT1219	12.19	60	12.19	20
E0IT1220	12.2	60	12.2	20
E0IT1221	12.21	60	12.21	20
E0IT1222	12.22	60	12.22	20
E0IT1223	12.23	60	12.23	20
E0IT1224	12.24	60	12.24	20
E0IT1225	12.25	60	12.25	20
E0IT1226	12.26	60	12.26	20
E0IT1227	12.27	60	12.27	20
E0IT1228	12.28	60	12.28	20
E0IT1229	12.29	60	12.29	20
E0IT1230	12.3	60	12.3	20
E0IT1231	12.31	60	12.31	20
E0IT1232	12.32	60	12.32	20
E0IT1233	12.33	60	12.33	20
E0IT1234	12.34	60	12.34	20
E0IT1235	12.35	60	12.35	20
E0IT1236	12.36	60	12.36	20
E0IT1237	12.37	60	12.37	20
E0IT1238	12.38	60	12.38	20
E0IT1239	12.39	60	12.39	20
E0IT1240	12.4	60	12.4	20
E0IT1241	12.41	60	12.41	20
E0IT1242	12.42	60	12.42	20
E0IT1243	12.43	60	12.43	20
E0IT1244	12.44	60	12.44	20
E0IT1245	12.45	60	12.45	20
E0IT1246	12.46	60	12.46	20
E0IT1247	12.47	60	12.47	20
E0IT1248	12.48	60	12.48	20
E0IT1249	12.49	60	12.49	20
E0IT1250	12.5	60	12.5	20
E0IT1251	12.51	60	12.51	20
E0IT1252	12.52	60	12.52	20
E0IT1253	12.53	60	12.53	20
E0IT1254	12.54	60	12.54	20
E0IT1255	12.55	60	12.55	20
E0IT1256	12.56	60	12.56	20
E0IT1257	12.57	60	12.57	20
E0IT1258	12.58	60	12.58	20
E0IT1259	12.59	60	12.59	20
E0IT1260	12.6	60	12.6	20
E0IT1261	12.61	60	12.61	20
E0IT1262	12.62	60	12.62	20
E0IT1263	12.63	60	12.63	20
E0IT1264	12.64	60	12.64	20
E0IT1265	12.65	60	12.65	20
E0IT1266	12.66	60	12.66	20
E0IT1267	12.67	60	12.67	20
E0IT1268	12.68	60	12.68	20
E0IT1269	12.69	60	12.69	20
E0IT1270	12.7	60	12.7	20
E0IT1271	12.71	60	12.71	20
E0IT1272	12.72	60	12.72	20
E0IT1273	12.73	60	12.73	20
E0IT1274	12.74	60	12.74	20
E0IT1275	12.75	60	12.75	20
E0IT1276	12.76	60	12.76	20
E0IT1277	12.77	60	12.77	20
E0IT1278	12.78	60	12.78	20
E0IT1279	12.79	60	12.79	20
E0IT1280	12.8	60	12.8	20
E0IT1281	12.81	60	12.81	20
E0IT1282	12.82	60	12.82	20
E0IT1283	12.83	60	12.83	20
E0IT1284	12.84	60	12.84	20
E0IT1285	12.85	60	12.85	20
E0IT1286	12.86	60	12.86	20
E0IT1287	12.87	60	12.87	20
E0IT1288	12.88	60	12.88	20
E0IT1289	12.89	60	12.89	20
E0IT1290	12.9	60	12.9	20
E0IT1291	12.91	60	12.91	20
E0IT1292	12.92	60	12.92	20
E0IT1293	12.93	60	12.93	20
E0IT1294	12.94	60	12.94	20
E0IT1295	12.95	60	12.95	20
E0IT1296	12.96	60	12.96	20
E0IT1297	12.97	60	12.97	20
E0IT1298	12.98	60	12.98	20
E0IT1299	12.99	60	12.99	20
E0IT1300	13	60	13	20
E0IT1301	13.01	60	13.01	20
E0IT1302	13.02	60	13.02	20
E0IT1303	13.03	60	13.03	20
E0IT1304	13.04	60	13.04	20
E0IT1305	13.05	60	13.05	20
E0IT1306	13.06	60	13.06	20
E0IT1307	13.07	60	13.07	20
E0IT1308	13.08	60	13.08	20
E0IT1309	13.09	60	13.09	20
E0IT1310	13.1	60	13.1	20
E0IT1311	13.11	60	13.11	20
E0IT1312	13.12	60	13.12	20
E0IT1313	13.13	60	13.13	20
E0IT1314	13.14	60	13.14	20
E0IT1315	13.15	60	13.15	20
E0IT1316	13.16	60	13.16	20
E0IT1317	13.17	60	13.17	20
E0IT1318	13.18	60	13.18	20
E0IT1319	13.19	60	13.19	20
E0IT1320	13.2	60	13.2	20
E0IT1321	13.21	60	13.21	20
E0IT1322	13.22	60	13.22	20
E0IT1323	13.23	60	13.23	20
E0IT1324	13.24	60	13.24	20
E0IT1325	13.25	60	13.25	20
E0IT1326	13.26	60	13.26	20
E0IT1327	13.27	60	13.27	20
E0IT1328	13.28	60	13.28	20
E0IT1329	13.29	60	13.29	20
E0IT1330	13.3	60	13.3	20
E0IT1331	13.31	60	13.31	20
E0IT1332	13.32	60	13.32	20
E0IT1333	13.33	60	13.33	20
E0IT1334	13.34	60	13.34	20
E0IT1335	13.35	60	13.35	20
E0IT1336	13.36	60	13.36	20
E0IT1337	13.37	60	13.37	20
E0IT1338	13.38	60	13.38	20
E0IT1339	13.39	60	13.39	20
E0IT1340	13.4	60	13.4	20
E0IT1341	13.41	60	13.41	20
E0IT1342	13.42	60	13.42	20
E0IT1343	13.43	60	13.43	20
E0IT1344	13.44	60	13.44	20
E0IT1345	13.45	60	13.45	20
E0IT1346	13.46	60	13.46	20
E0IT1347	13.47	60	13.47	20
E0IT1348	13.48	60	13.48	20
E0IT1349	13.49	60	13.49	20
E0IT1350	13.5	60	13.5	20
E0IT1351	13.51	60	13.51	20
E0IT1352	13.52	60	13.52	20
E0IT1353	13.53	60	13.53	20
E0IT1354	13.54	60	13.54	20
E0IT1355	13.55	60	13.55	20
E0IT1356	13.56	60	13.56	20
E0IT1357	13.57	60	13.57	20
E0IT1358	13.58	60	13.58	20
E0IT1359	13.59	60	13.59	20
E0IT1360	13.6	60	13.6	20
E0IT1361	13.61	60	13.61	20
E0IT1362	13.62	60	13.62	20
E0IT1363	13.63	60	13.63	20
E0IT1364	13.64	60	13.64	20
E0IT1365	13.65	60	13.65	20
E0IT1366	13.66	60	13.66	20
E0IT1367	13.67	60	13.67	20
E0IT1368	13.68	60	13.68	20
E0IT1369	13.69	60	13.69	20
E0IT1370	13.7	60	13.7	20
E0IT1371	13.71	60	13.71	20
E0IT1372	13.72	60	13.72	20
E0IT1373	13.73	60	13.73	20
E0IT1374	13.74	60	13.74	20
E0IT1375	13.75	60	13.75	20
E0IT1376	13.76	60	13.76	20
E0IT1377	13.77	60	13.77	20
E0IT1378	13.78	60	13.78	20
E0IT1379	13.79	60	13.79	20
E0IT1380	13.8	60	13.8	20
E0IT1381	13.81	60	13.81	20
E0IT1382	13.82	60	13.82	20
E0IT1383	13.83	60	13.83	20
E0IT1384	13.84	60	13.84	20
E0IT1385	13.85	60	13.85	20
E0IT1386	13.86	60	13.86	20
E0IT1387	13.87	60	13.87	20
E0IT1388	13.88	60	13.88	20
E0IT1389	13.89	60	13.89	20
E0IT1390	13.9	60	13.9	20
E0IT1391	13.91	60	13.91	20
E0IT1392	13.92	60	13.92	20
E0IT1393	13.93	60	13.93	20
E0IT1394	13.94	60	13.94	20
E0IT1395	13.95	60	13.95	20
E0IT1396	13.96	60	13.96	20
E0IT1397	13.97	60	13.97	20
E0IT1398	13.98	60	13.98	20
E0IT1399	13.99	60	13.99	20
E0IT1400	14	60	14	20
E0IT1401	14.01	60	14.01	20
E0IT1402	14.02	60	14.02	20
E0IT1403	14.03	60	14.03	20
E0IT1404	14.04	60	14.04	20
E0IT1405	14.05	60	14.05	20
E0IT1406	14.06	60	14.06	20
E0IT1407	14.07	60	14.07	20
E0IT1408	14.08	60	14.08	20
E0IT1409	14.09	60	14.09	20
E0IT1410	14.1	60	14.1	20
E0IT1411	14.11	60	14.11	20
E0IT1412	14.12	60	14.12	20
E0IT1413	14.13	60	14.13	20
E0IT1414	14.14	60	14.14	20
E0IT1415	14.15	60	14.15	20
E0IT1416	14.16	60	14.16	20
E0IT1417	14.17	60	14.17	20
E0IT1418	14.18	60	14.18	20
E0IT1419	14.19	60	14.19	20
E0IT1420	14.2	60	14.2	20
E0IT1421	14.21	60	14.21	20
E0IT1422	14.22	60	14.22	20
E0IT1423	14.23	60	14.23	20
E0IT1424	14.24	60	14.24	20
E0IT1425	14.25	60	14.25	20
E0IT1426	14.26	60	14.26	20
E0IT1427	14.27	60	14.27	20
E0IT1428	14.28	60	14.28	20
E0IT1429	14.29	60	14.29	20
E0IT1430	14.3	60	14.3	20
E0IT1431	14.31	60	14.31	20
E0IT1432	14.32	60	14.32	20
E0IT1433	14.33	60	14.33	20
E0IT1434	14.34	60	14.34	20
E0IT1435	14.35	60	14.35	20
E0IT1436	14.36	60	14.36	20
E0IT1437	14.37	60	14.37	20
E0IT1438	14.38	60	14.38	20
E0IT1439	14.39	60	14.39	20
E0IT1440	14.4	60	14.4	20
E0IT1441	14.41	60	14.41	20
E0IT1442	14.42	60	14.42	20
E0IT1443	14.43	60	14.43	20
E0IT1444	14.44	60	14.44	20
E0IT1445	14.45	60	14.45	20
E0IT1446	14.46	60	14.46	20
E0IT1447	14.47	60	14.47	20
E0IT1448	14.48	60	14.48	20
E0IT1449	14.49	60	14.49	20
E0IT1450	14.5	60	14.5	20
E0IT1451	14.51	60	14.51	20
E0IT1452	14.52	60	14.52	20
E0IT1453	14.53	60	14.53	20
E0IT1454	14.54	60	14.54	20
E0IT1455	14.55	60	14.55	20
E0IT1456	14.56	60	14.56	20
E0IT1457	14.57	60	14.57	20
E0IT1458	14.58	60	14.58	20
E0IT1459	14.59	60	14.59	20
E0IT1460	14.6	60	14.6	20
E0IT1461	14.61	60	14.61	20
E0IT1462	14.62	60	14.62	20
E0IT1463	14.63	60	14.63	20
E0IT1464	14.64	60	14.64	20
E0IT1465	14.65	60	14.65	20
E0IT1466	14.66	60	14.66	20
E0IT1467	14.67	60	14.67	20
E0IT1468	14.68	60	14.68	20
E0IT1469	14.69	60	14.69	20
E0IT1470	14.7	60	14.7	20
E0IT1471	14.71	60	14.71	20
E0IT1472	14.72	60	14.72	20
E0IT1473	14.73	60	14.73	20
E0IT1474	14.74	60	14.74	20
E0IT1475	14.75	60	14.75	20
E0IT1476	14.76	60	14.76	20
E0IT1477	14.77	60	14.77	20
E0IT1478	14.78	60	14.78	20
E0IT1479	14.79	60	14.79	20
E0IT1480	14.8	60	14.8	20
E0IT1481	14.81	60	14.81	20
E0IT1482	14.82	60	14.82	20
E0IT1483	14.83	60	14.83	20
E0IT1484	14.84	60	14.84	20
E0IT1485	14.85	60	14.85	20
E0IT1486	14.86	60	14.86	20
E0IT1487	14.87	60	14.87	20
E0IT1488	14.88	60	14.88	20
E0IT1489	14.89	60	14.89	20
E0IT1490	14.9	60	14.9	20
E0IT1491	14.91	60	14.91	20
E0IT1492	14.92	60	14.92	20
E0IT1493	14.93	60	14.93	20
E0IT1494	14.94	60	14.94	20
E0IT1495	14.95	60	14.95	20
E0IT1496	14.96	60	14.96	20
E0IT1497	14.97	60	14.97	20
E0IT1498	14.98	60	14.98	20
E0IT1499	14.99	60	14.99	20
E0IT1500	15	60	15	20
E0IT1501	15.01	60	15.01	20
E0IT1502	15.02	60	15.02	20
E0IT1503	15.03	60	15.03	20
E0IT1504	15.04	60	15.04	20
E0IT1505	15.05	60	15.05	20
E0IT1506	15.06	60	15.06	20
E0IT1507	15.07	60	15.07	20
E0IT1508	15.08	60	15.08	20
E0IT1509	15.09	60	15.09	20
E0IT1510	15.1	60	15.1	20
E0IT1511	15.11	60	15.11	20
E0IT1512	15.12	60	15.12	20
E0IT1513	15.13	60	15.13	20
E0IT1514	15.14	60	15.14	20
E0IT1515	15.15	60	15.15	20
E0IT1516	15.16	60	15.16	20
E0IT1517	15.17	60	15.17	20
E0IT1518	15.18	60	15.18	20
E0IT1519	15.19	60	15.19	20
E0IT1520	15.2	60	15.2	20
E0IT1521	15.21	60	15.21	20
E0IT1522	15.22	60	15.22	20
E0IT1523	15.23	60	15.23	20
E0IT1524	15.24	60	15.24	20
E0IT1525	15.25	60	15.25	20
E0IT1526	15.26	60	15.26	20
E0IT1527	15.27	60	15.27	20
E0IT1528	15.28	60	15.28	20
E0IT1529	15.29	60	15.29	20
E0IT1530	15.3	60	15.3	20
E0IT1531	15.31	60	15.31	20
E0IT1532	15.32	60	15.32	20
E0IT1533	15.33	60	15.33	20
E0IT1534	15.34	60	15.34	20
E0IT1535	15.35	60	15.35	20
E0IT1536	15.36	60	15.36	20
E0IT1537	15.37	60	15.37	20
E0IT1538	15.38	60	15.38	20
E0IT1539	15.39	60	15.39	20
E0IT1540	15.4	60	15.4	20
E0IT1541	15.41	60	15.41	20
E0IT1542	15.42	60	15.42	20
E0IT1543	15.43	60	15.43	20
E0IT1544	15.44	60	15.44	20
E0IT1545	15.45	60	15.45	20
E0IT1546	15.46	60	15.46	20
E0IT1547	15.47	60	15.47	20
E0IT1548	15.48	60	15.48	20
E0IT1549	15.49	60	15.49	20
E0IT1550	15.5	60	15.5	20
E0IT1551	15.51	60	15.51	20
E0IT1552	15.52	60	15.52	20
E0IT1553	15.53	60	15.53	20
E0IT1554	15.54	60	15.54	20
E0IT1555	15.55	60	15.55	20
E0IT1556	15.56	60	15.56	20
E0IT1557	15.57	60	15.57	20
E0IT1558	15.58	60	15.58	20
E0IT1559	15.59	60	15.59	20
E0IT1560	15.6	60	15.6	20
E0IT1561	15.61	60	15.61	20
E0IT1562	15.62	60	15.62	20
E0IT1563	15.63	60	15.63	20
E0IT1564	15.64	60	15.64	20
E0IT1565	15.65	60	15.65	20
E0IT1566	15.66	60	15.66	20
E0IT1567	15.67	60	15.67	20
E0IT1568	15.68	60	15.68	20
E0IT1569	15.69	60	15.69	20
E0IT1570	15.7	60	15.7	20
E0IT1571	15.71	60	15.71	20
E0IT1572	15.72	60	15.72	20
E0IT1573	15.73	60	15.73	20
E0IT1574	15.74	60	15.74	20
E0IT1575	15.75	60	15.75	20
E0IT1576	15.76	60	15.76	20
E0IT1577	15.77	60	15.77	20
E0IT1578	15.78	60	15.78	20
E0IT1579	15.79	60	15.79	20
E0IT1580	15.8	60	15.8	20
E0IT1581	15.81	60	15.81	20
E0IT1582	15.82	60	15.82	20
E0IT1583	15.83	60	15.83	20
E0IT1584	15.84	60	15.84	20
E0IT1585	15.85	60	15.85	20
E0IT1586	15.86	60	15.86	20
E0IT1587	15.87	60	15.87	20
E0IT1588	15.88	60	15.88	20
E0IT1589	15.89	60	15.89	20
E0IT1590	15.9	60	15.9	20
E0IT1591	15.91	60	15.91	20
E0IT1592	15.92	60	15.92	20
E0IT1593	15.93	60	15.93	20
E0IT1594	15.94	60	15.94	20
E0IT1595	15.95	60	15.95	20
E0IT1596	15.96	60	15.96	20
E0IT1597	15.97	60	15.97	20
E0IT1598	15.98	60	15.98	20
E0IT1599	15.99	60	15.99	20
E0IT1600	16	60	16	20
E0IT1601	16.01	60	16.01	20
E0IT1602	16.02	60	16.02	20
E0IT1603	16.03	60	16.03	20
E0IT1604	16.04	60	16.04	20
E0IT1605	16.05	60	16.05	20
E0IT1606	16.06	60	16.06	20
E0IT1607	16.07	60	16.07	20
E0IT1608	16.08	60	16.08	20
E0IT1609	16.09	60	16.09	20
E0IT1610	16.1	60	16.1	20
E0IT1611	16.11	60	16.11	20
E0IT1612	16.12	60	16.12	20
E0IT1613	16.13	60	16.13	20
E0IT1614	16.14	60	16.14	20
E0IT1615	16.15	60	16.15	20
E0IT1616	16.16	60	16.16	20
E0IT1617	16.17	60	16.17	20
E0IT1618	16.18	60	16.18	20
E0IT1619	16.19	60	16.19	20
E0IT1620	16.2	60	16.2	20
E0IT1621	16.21	60	16.21	20
E0IT1622	16.22	60	16.22	20
E0IT1623	16.23	60	16.23	20
E0IT1624	16.24	60	16.24	20
E0IT1625	16.25	60	16.25	20
E0IT1626	16.26	60	16.26	20
E0IT1627	16.27	60	16.27	20
E0IT1628	16.28	60	16.28	20
E0IT1629	16.29	60	16.29	20
E0IT1630	16.3	60	16.3	20
E0IT1631	16.31	60	16.31	20
E0IT1632	16.32	60	16.32	20
E0IT1633	16.33	60	16.33	20
E0IT1634	16.34	60	16.34	20
E0IT1635	16.35	60	16.35	20
E0IT1636	16.36	60	16.36	20
E0IT1637	16.37	60	16.37	20
E0IT1638	16.38	60	16.38	20
E0IT1639	16.39	60	16.39	20
E0IT1640	16.4	60	16.4	20
E0IT1641	16.41	60	16.41	20
E0IT1642	16.42	60	16.42	20
E0IT1643	16.43	60	16.43	20
E0IT1644	16.44	60	16.44	20
E0IT1645	16.45	60	16.45	20
E0IT1646	16.46	60	16.46	20
E0IT1647	16.47	60	16.47	20
E0IT1648	16.48	60	16.48	20
E0IT1649	16.49	60	16.49	20
E0IT1650	16.5	60	16.5	20
E0IT1651	16.51	60	16.51	20
E0IT1652	16.52	60	16.52	20
E0IT1653	16.53	60	16.53	20
E0IT1654	16.54	60	16.54	20
E0IT1655	16.55	60	16.55	20
E0IT1656	16.56	60	16.56	20
E0IT1657	16.57	60	16.57	20
E0IT1658	16.58	60	16.58	20
E0IT1659	16.59	60	16.59	20
E0IT1660	16.6	60	16.6	20
E0IT1661	16.61	60	16.61	20
E0IT1662	16.62	60	16.62	20
E0IT1663	16.63	60	16.63	20
E0IT1664	16.64	60	16.64	20
E0IT1665	16.65	60	16.65	20
E0IT1666	16.66	60	16.66	20
E0IT1667	16.67	60	16.67	20
E0IT1668	16.68	60	16.68	20
E0IT1669	16.69	60	16.69	20
E0IT1670	16.7	60	16.7	20
E0IT1671	16.71	60	16.71	20
E0IT1672	16.72	60	16.72	20
E0IT1673	16.73	60	16.73	20
E0IT1674	16.74	60	16.74	20
E0IT1675	16.75	60	16.75	20
E0IT1676	16.76	60	16.76	20
E0IT1677	16.77	60	16.77	20
E0IT1678	16.78	60	16.78	20
E0IT1679	16.79	60	16.79	20
E0IT1680	16.8	60	16.8	20
E0IT1681	16.81	60	16.81	20
E0IT1682	16.82	60	16.82	20
E0IT1683	16.83	60	16.83	20
E0IT1684	16.84	60	16.84	20
E0IT1685	16.85	60	16.85	20
E0IT1686	16.86	60	16.86	20
E0IT1687	16.87	60	16.87	20
E0IT1688	16.88	60	16.88	20
E0IT1689	16.89	60	16.89	20
E0IT1690	16.9	60	16.9	20
E0IT1691	16.91	60	16.91	20
E0IT1692	16.92	60	16.92	20
E0IT1693	16.93	60	16.93	20
E0IT1694	16.94	60	16.94	20
E0IT1695	16.95	60	16.95	20
E0IT1696	16.96	60	16.96	20
E0IT1697	16.97	60	16.97	20
E0IT1698	16.98	60	16.98	20
E0IT1699	16.99	60	16.99	20
E0IT1700	17	60	17	20
E0IT1701	17.01	60	17.01	20
E0IT1702	17.02	60	17.02	20
E0IT1703	17.03	60	17.03	20
E0IT1704	17.04	60	17.04	20
E0IT1705	17.05	60	17.05	20
E0IT1706	17.06	60	17.06	20
E0IT1707	17.07	60	17.07	20
E0IT1708	17.08	60	17.08	20
E0IT1709	17.09	60	17.09	20
E0IT1710	17.1	60	17.1	20
E0IT1711	17.11	60	17.11	20
E0IT1712	17.12	60	17.12	20
E0IT1713	17.13	60	17.13	20
E0IT1714	17.14	60	17.14	20
E0IT1715	17.15	60	17.15	20
E0IT1716	17.16	60	17.16	20
E0IT1717	17.17	60	17.17	20
E0IT1718	17.18	60	17.18	20
E0IT1719	17.19	60	17.19	20
E0IT1720	17.2	60	17.2	20
E0IT1721	17.21	60	17.21	20
E0IT1722	17.22	60	17.22	20
E0IT1723	17.23	60	17.23	20
E0IT1724	17.24	60	17.24	20
E0IT1725	17.25	60	17.25	20
E0IT1726	17.26	60	17.26	20
E0IT1727	17.27	60	17.27	20
E0IT1728	17.28	60	17.28	20
E0IT1729	17.29	60	17.29	20
E0IT1730	17.3	60	17.3	20
E0IT1731	17.31	60	17.31	20
E0IT1732	17.32	60	17.32	20
E0IT1733	17.33	60	17.33	20
E0IT1734	17.34	60	17.34	20
E0IT1735	17.35	60	17.35	20
E0IT1736	17.36	60	17.36	20
E0IT1737	17.37	60	17.37	20
E0IT1738	17.38	60	17.38	20
E0IT1739	17.39	60	17.39	20
E0IT1740	17.4	60	17.4	20
E0IT1741	17.41	60	17.41	20
E0IT1742	17.42	60	17.42	20
E0IT1743	17.43	60	17.43	20
E0IT1744	17.44	60	17.44	20
E0IT1745	17.45	60	17.45	20
E0IT1746	17.46	60	17.46	20
E0IT1747	17.47	60	17.47	20
E0IT1748	17.48	60	17.48	20
E0IT1749	17.49	60	17.49	20
E0IT1750	17.5	60	17.5	20
E0IT1751	17.51	60	17.51	20
E0IT1752	17.52	60	17.52	20
E0IT1753	17.53	60	17.53	20
E0IT1754	17.54	60	17.54	20
E0IT1755	17.55	60	17.55	20
E0IT1756	17.56	60	17.56	20
E0IT1757	17.57	60	17.57	20
E0IT1758	17.58	60	17.58	20
E0IT1759	17.59	60	17.59	20
E0IT1760	17.6	60	17.6	20
E0IT1761	17.61	60	17.61	20
E0IT1762	17.62	60	17.62	20
E0IT1763	17.63	60	17.63	20
E0IT1764	17.64	60	17.64	20
E0IT1765	17.65	60	17.65	20
E0IT1766	17.66	60	17.66	20
E0IT1767	17.67	60	17.67	20
E0IT1768	17.68	60	17.68	20
E0IT1769	17.69	60	17.69	20
E0IT1770	17.7	60	17.7	20
E0IT1771	17.71	60	17.71	20
E0IT1772	17.72	60	17.72	20
E0IT1773	17.73	60	17.73	20
E0IT1774	17.74	60	17.74	20
E0IT1775	17.75	60	17.75	20
E0IT1776	17.76	60	17.76	20
E0IT1777	17.77	60	17.77	20
E0IT1778	17.78	60	17.78	20
E0IT1779	17.79	60	17.79	20
E0IT1780	17.8	60	17.8	20
E0IT1781	17.81	60	17.81	20
E0IT1782	17.82	60	17.82	20
E0IT1783	17.83	60	17.83	20
E0IT1784	17.84	60	17.84	20
E0IT1785	17.85	60	17.85	20
E0IT1786	17.86	60	17.86	20
E0IT1787	17.87	60	17.87	20
E0IT1788	17.88	60	17.88	20
E0IT1789	17.89	60	17.89	20
E0IT1790	17.9	60	17.9	20
E0IT1791	17.91	60	17.91	20
E0IT1792	17.92	60	17.92	20
E0IT1793	17.93	60	17.93	20
E0IT1794	17.94	60	17.94	20
E0IT1795	17.95	60	17.95	20
E0IT1796	17.96	60	17.96	20
E0IT1797	17.97	60	17.97	20
E0IT1798	17.98	60	17.98	20
E0IT1799	17.99	60	17.99	20
E0IT1800	18	60	18	20
E0IT1801	18.01	60	18.01	20
E0IT1802	18.02	60	18.02	20
E0IT1803	18.03	60	18.03	20
E0IT1804	18.04	60	18.04	20
E0IT1805	18.05	60	18.05	20
E0IT1806	18.06	60	18.06	20
E0IT1807	18.07	60	18.07	20
E0IT1808	18.08	60	18.08	20
E0IT1809	18.09	60	18.09	20
E0IT1810	18.1	60	18.1	20
E0IT1811	18.11	60	18.11	20
E0IT1812	18.12	60	18.12	20
E0IT1813	18.13	60	18.13	20
E0IT1814	18.14	60	18.14	20
E0IT1815	18.15	60	18.15	20
E0IT1816	18.16	60	18.16	20
E0IT1817	18.17	60	18.17	20
E0IT1818	18.18	60	18.18	20
E0IT1819	18.19	60	18.19	20
E0IT1820	18.2	60	18.2	20
E0IT1821	18.21	60	18.21	20
E0IT1822	18.22	60	18.22	20
E0IT1823	18.23	60	18.23	20
E0IT1824	18.24	60	18.24	20
E0IT1825	18.25	60	18.25	20
E0IT1826	18.26	60	18.26	20
E0IT1827	18.27	60	18.27	20
E0IT1828	18.28	60	18.28	20
E0IT1829	18.29	60	18.29	20
E0IT1830	18.3	60	18.3	20
E0IT1831	18.31	60	18.31	20
E0IT1832	18.32	60	18.32	20
E0IT1833	18.33	60	18.33	20
E0IT1834	18.34	60	18.34	20
E0IT1835	18.35	60	18.35	20
E0IT1836	18.36	60	18.36	20
E0IT1837	18.37	60	18.37	20
E0IT1838	18.38	60	18.38	20
E0IT1839	18.39	60	18.39	20
E0IT1840	18.4	60	18.4	20
E0IT1841	18.41	60	18.41	20
E0IT1842	18.42	60	18.42	20
E0IT1843	18.43	60	18.43	20
E0IT1844	18.44	60	18.44	20
E0IT1845	18.45	60	18.45	20
E0IT1846	18.46	60	18.46	20
E0IT1847	18.47	60	18.47	20
E0IT1848	18.48	60	18.48	20
E0IT1849	18.49	60	18.49	20
E0IT1850	18.5	60	18.5	20
E0IT1851	18.51	60	18.51	20
E0IT1852	18.52	60	18.52	20
E0IT1853	18.53	60	18.53	20
E0IT1854	18.54	60	18.54	20
E0IT1855	18.55	60	18.55	20
E0IT1856	18.56	60	18.56	20
E0IT1857	18.57	60	18.57	20
E0IT1858	18.58	60	18.58	20
E0IT1859	18.59	60	18.59	20
E0IT1860	18.6	60	18.6	20
E0IT1861	18.61	60	18.61	20
E0IT1862	18.62	60	18.62	20
E0IT1863	18.63	60	18.63	20
E0IT1864	18.64	60	18.64	20
E0IT1865	18.65	60	18.65	20
E0IT1866	18.66	60	18.66	20
E0IT1867	18.67	60	18.67	20
E0IT1868	18.68	60	18.68	20
E0IT1869	18.69	60	18.69	20
E0IT1870	18.7	60	18.7	20
E0IT1871	18.71	60	18.71	20
E0IT1872	18.72	60	18.72	20
E0IT1873	18.73	60	18.73	20
E0IT1874	18.74	60	18.74	20
E0IT1875	18.75	60	18.75	20
E0IT1876	18.76	60	18.76	20
E0IT1877	18.77	60	18.77	20
E0IT1878	18.78	60	18.78	20
E0IT1879	18.79	60	18.79	20
E0IT1880	18.8	60	18.8	20
E0IT1881	18.81	60	18.81	20
E0IT1882	18.82	60	18.82	20
E0IT1883	18.83	60	18.83	20
E0IT1884	18.84	60	18.84	20
E0IT1885	18.85	60	18.85	20
E0IT1886	18.86	60	18.86	20
E0IT1887	18.87	60	18.87	20
E0IT1888	18.88	60	18.88	20
E0IT1889	18.89	60	18.89	20
E0IT1890	18.9	60	18.9	20
E0IT1891	18.91	60	18.91	20
E0IT1892	18.92	60	18.92	20
E0IT1893	18.93	60	18.93	20
E0IT1894	18.94	60	18.94	20
E0IT1895	18.95	60	18.95	20
E0IT1896	18.96	60	18.96	20
E0IT1897	18.97	60	18.97	20
E0IT1898	18.98	60	18.98	20
E0IT1899	18.99	60	18.99	20
E0IT1900	19	60	19	20
E0IT1901	19.01	60	19.01	20
E0IT1902	19.02	60	19.02	20
E0IT1903	19.03	60	19.03	20
E0IT1904	19.04	60	19.04	20
E0IT1905	19.05	60	19.05	20
E0IT1906	19.06	60	19.06	20
E0IT1907	19.07	60	19.07	20
E0IT1908	19.08	60	19.08	20
E0IT1909	19.09	60	19.09	20
E0IT1910	19.1	60	19.1	20
E0IT1911	19.11	60	19.11	20
E0IT1912	19.12	60	19.12	20
E0IT1913	19.13	60	19.13	20
E0IT1914	19.14	60	19.14	20
E0IT1915	19.15	60	19.15	20
E0IT1916	19.16	60	19.16	20
E0IT1917	19.17	60	19.17	20
E0IT1918	19.18	60	19.18	20
E0IT1919	19.19	60	19.19	20
E0IT1920	19.2	60	19.2	20
E0IT1921	19.21	60	19.21	20
E0IT1922	19.22	60	19.22	20
E0IT1923	19.23	60	19.23	20
E0IT1924	19.24	60	19.24	20
E0IT1925	19.25	60	19.25	20
E0IT1926	19.26	60	19.26	20
E0IT1927	19.27	60	19.27	20
E0IT1928	19.28	60	19.28	20
E0IT1929	19.29	60	19.29	20
E0IT1930	19.3	60	19.3	20
E0IT1931	19.31	60	19.31	20
E0IT1932	19.32	60	19.32	20
E0IT1933	19.33	60	19.33	20
E0IT1934	19.34	60	19.34	20
E0IT1935	19.35	60	19.35	20
E0IT1936	19.36	60	19.36	20
E0IT1937	19.37	60	19.37	20
E0IT1938	19.38	60	19.38	20
E0IT1939	19.39	60	19.39	20
E0IT1940	19.4	60	19.4	20
E0IT1941	19.41	60	19.41	20
E0IT1942	19.42	60	19.42	20
E0IT1943	19.43	60	19.43	20
E0IT1944	19.44	60	19.44	20
E0IT1945	19.45	60	19.45	20
E0IT1946	19.46	60	19.46	20
E0IT1947	19.47	60	19.47	20
E0IT1948	19.48	60	19.48	20
E0IT1949	19.49	60	19.49	20
E0IT1950	19.5	60	19.5	20
E0IT1951	19.51	60	19.51	20
E0IT1952	19.52	60	19.52	20
E0IT1953	19.53	60	19.53	20
E0IT1954	19.54	60	19.54	20
E0IT1955	19.55	60	19.55	20
E0IT1956	19.56	60	19.56	20
E0IT1957	19.57	60	19.57	20
E0IT1958	19.58	60	19.58	20
E0IT1959	19.59	60	19.59	20
E0IT1960	19.6	60	19.6	20
E0IT1961	19.61	60	19.61	20
E0IT1962	19.62	60	19.62	20
E0IT1963	19.63	60	19.63	20
E0IT1964	19.64	60	19.64	20
E0IT1965	19.65	60	19.65	20
E0IT1966	19.66	60	19.66	20
E0IT1967	19.67	60	19.67	20
E0IT1968	19.68	60	19.68	20
E0IT1969	19.69	60	19.69	20
E0IT1970	19.7	60	19.7	20
E0IT1971	19.71	60	19.71	20
E0IT1972	19.72	60	19.72	20
E0IT1973	19.73	60	19.73	20
E0IT1974	19.74	60	19.74	20
E0IT1975	19.75	60	19.75	20
E0IT1976	19.76	60	19.76	20
E0IT1977	19.77	60	19.77	20
E0IT1978	19.78	60	19.78	20
E0IT1979	19.79	60	19.79	20
E0IT1980	19.8	60	19.8	20
E0IT1981	19.81	60	19.81	20
E0IT1982	19.82	60	19.82	20
E0IT1983	19.83	60	19.83	20
E0IT1984	19.84	60	19.84	20
E0IT1985	19.85	60	19.85	20
E0IT1986	19.86	60	19.86	20
E0IT1987	19.87	60	19.87	20
E0IT1988	19.88	60	19.88	20
E0IT1989	19.89	60	19.89	20
E0IT1990	19.9	60	19.9	20
E0IT1991	19.91	60	19.91	20
E0IT1992	19.92	60	19.92	20
E0IT1993	19.93	60	19.93	20
E0IT1994	19.94	60	19.94	20
E0IT1995	19.95	60	19.95	20
E0IT1996	19.96	60	19.96	20
E0IT1997	19.97	60	19.97	20
E0IT1998	19.98	60	19.98	20
E0IT1999	19.99	60	19.99	20
E0IT2000	20	60	20	20
